{
  "type": "FeatureCollection",
  "features": [
    {
      "type": "Feature",
      "geometry": {
        "type": "Polygon",
        "coordinates": [
          [
            [
              -43.21174337858516,
              -22.912618875283822
            ],
            [
              -43.21114767546069,
              -22.912190106951943
            ],
            [
              -43.21127808408865,
              -22.91152210250113
            ],
            [
              -43.21200419436643,
              -22.91128286707278
            ],
            [
              -43.21259989685989,
              -22.9117116367839
            ],
            [
              -43.212469489706635,
              -22.912379640544092
            ],
            [
              -43.21174337858516,
              -22.912618875283822
            ]
          ]
        ]
      },
      "properties": {
        "h3": "8aa8a0612d27fff",
        "crime_count": 4,
        "crime_score": 0.1374,
        "factor_count": 0,
        "factor_score": 0.0,
        "signal_count": 5,
        "signal_score": 0.1724,
        "bingo_count": 0,
        "is_bingo": false,
        "bingo_score": 0.1118,
        "top_crime_type": "Roubo a transeunte",
        "factor_types": [],
        "factor_agencies": [],
        "justification": ""
      }
    },
    {
      "type": "Feature",
      "geometry": {
        "type": "Polygon",
        "coordinates": [
          [
            [
              -43.21771823844162,
              -22.923775200847764
            ],
            [
              -43.21712252329338,
              -22.923346513530095
            ],
            [
              -43.21725292737314,
              -22.922678591556554
            ],
            [
              -43.21797904512578,
              -22.92243935759252
            ],
            [
              -43.218574759641115,
              -22.92286804629014
            ],
            [
              -43.21844435703674,
              -22.923535967571816
            ],
            [
              -43.21771823844162,
              -22.923775200847764
            ]
          ]
        ]
      },
      "properties": {
        "h3": "8aa8a0616007fff",
        "crime_count": 6,
        "crime_score": 0.1985,
        "factor_count": 5,
        "factor_score": 0.4545,
        "signal_count": 2,
        "signal_score": 0.069,
        "bingo_count": 0,
        "is_bingo": false,
        "bingo_score": 0.2301,
        "top_crime_type": "Roubo de aparelho celular",
        "factor_types": [
          "Lixo/entulho forçando pedestres à pista",
          "Lixo/entulho obstruindo a visibilidade",
          "Mobiliário urbano desviando pedestres para a pista",
          "Motocicletas trafegando no passeio",
          "Vegetação encobrindo iluminação pública"
        ],
        "factor_agencies": [
          "Comlurb",
          "GM-Rio",
          "Seconserva"
        ],
        "justification": ""
      }
    },
    {
      "type": "Feature",
      "geometry": {
        "type": "Polygon",
        "coordinates": [
          [
            [
              -43.218574759641115,
              -22.92286804629014
            ],
            [
              -43.21797904512578,
              -22.92243935759252
            ],
            [
              -43.21810944803765,
              -22.921771428130608
            ],
            [
              -43.21883556398944,
              -22.92153218805831
            ],
            [
              -43.21943127787161,
              -22.921960878135863
            ],
            [
              -43.21930087643519,
              -22.92262880690574
            ],
            [
              -43.218574759641115,
              -22.92286804629014
            ]
          ]
        ]
      },
      "properties": {
        "h3": "8aa8a061600ffff",
        "crime_count": 5,
        "crime_score": 0.6794,
        "factor_count": 7,
        "factor_score": 0.6364,
        "signal_count": 5,
        "signal_score": 0.1724,
        "bingo_count": 2,
        "is_bingo": true,
        "bingo_score": 0.5419,
        "top_crime_type": "Roubo a transeunte",
        "factor_types": [
          "Calçada estreita forçando pedestres à pista",
          "Lixo/entulho forçando pedestres à pista",
          "Lixo/entulho obstruindo a visibilidade",
          "Mobiliário urbano desviando pedestres para a pista",
          "Motocicletas trafegando no passeio",
          "Vegetação encobrindo iluminação pública",
          "Vegetação obstruindo a visibilidade do passeio"
        ],
        "factor_agencies": [
          "Comlurb",
          "GM-Rio",
          "Seconserva"
        ],
        "justification": "BINGO 2/3: 5 ocorrências (predom. roubo a transeunte) + Calçada estreita forçando pedestres à pista (+6) [Comlurb, GM-Rio, Seconserva]"
      }
    },
    {
      "type": "Feature",
      "geometry": {
        "type": "Polygon",
        "coordinates": [
          [
            [
              -43.21725292737314,
              -22.922678591556554
            ],
            [
              -43.216657213374965,
              -22.92224989674675
            ],
            [
              -43.21678761776215,
              -22.921581966593088
            ],
            [
              -43.21751373467223,
              -22.921342731940932
            ],
            [
              -43.21810944803765,
              -22.921771428130608
            ],
            [
              -43.21797904512578,
              -22.92243935759252
            ],
            [
              -43.21725292737314,
              -22.922678591556554
            ]
          ]
        ]
      },
      "properties": {
        "h3": "8aa8a061601ffff",
        "crime_count": 0,
        "crime_score": 0.2824,
        "factor_count": 6,
        "factor_score": 0.5455,
        "signal_count": 4,
        "signal_score": 0.1379,
        "bingo_count": 1,
        "is_bingo": false,
        "bingo_score": 0.312,
        "top_crime_type": "",
        "factor_types": [
          "Lixo/entulho forçando pedestres à pista",
          "Lixo/entulho obstruindo a visibilidade",
          "Mobiliário urbano desviando pedestres para a pista",
          "Motocicletas trafegando no passeio",
          "Vegetação encobrindo iluminação pública",
          "Vegetação obstruindo a visibilidade do passeio"
        ],
        "factor_agencies": [
          "Comlurb",
          "GM-Rio",
          "Seconserva"
        ],
        "justification": "sinal 1/3: Lixo/entulho forçando pedestres à pista (+5) [Comlurb, GM-Rio, Seconserva]"
      }
    },
    {
      "type": "Feature",
      "geometry": {
        "type": "Polygon",
        "coordinates": [
          [
            [
              -43.219040072701915,
              -22.923964648777012
            ],
            [
              -43.21844435703674,
              -22.923535967571816
            ],
            [
              -43.218574759641115,
              -22.92286804629014
            ],
            [
              -43.21930087643519,
              -22.92262880690574
            ],
            [
              -43.21989659146706,
              -22.923057489490947
            ],
            [
              -43.21976619033819,
              -22.9237254100805
            ],
            [
              -43.219040072701915,
              -22.923964648777012
            ]
          ]
        ]
      },
      "properties": {
        "h3": "8aa8a061602ffff",
        "crime_count": 9,
        "crime_score": 0.5802,
        "factor_count": 8,
        "factor_score": 0.7273,
        "signal_count": 10,
        "signal_score": 0.3448,
        "bingo_count": 3,
        "is_bingo": true,
        "bingo_score": 0.8372,
        "top_crime_type": "Roubo de aparelho celular",
        "factor_types": [
          "Calçada estreita forçando pedestres à pista",
          "Lixo/entulho forçando pedestres à pista",
          "Lixo/entulho obstruindo a visibilidade",
          "Mobiliário abandonado servindo de esconderijo",
          "Mobiliário urbano desviando pedestres para a pista",
          "Motocicletas trafegando no passeio",
          "Ponto de retenção do tráfego",
          "Vegetação encobrindo iluminação pública"
        ],
        "factor_agencies": [
          "CET-Rio",
          "Comlurb",
          "GM-Rio",
          "Seconserva"
        ],
        "justification": "BINGO 3/3: 9 ocorrências (predom. roubo de celular) + Calçada estreita forçando pedestres à pista (+7) [CET-Rio, Comlurb, GM-Rio, Seconserva] + 10 denúncias relacionadas"
      }
    },
    {
      "type": "Feature",
      "geometry": {
        "type": "Polygon",
        "coordinates": [
          [
            [
              -43.22075310726262,
              -22.922150316608647
            ],
            [
              -43.22015739286432,
              -22.921721632643436
            ],
            [
              -43.220287793132734,
              -22.921053696385766
            ],
            [
              -43.221013906323776,
              -22.9208144447857
            ],
            [
              -43.221609620088216,
              -22.921243130130918
            ],
            [
              -43.221479221295496,
              -22.921911065696143
            ],
            [
              -43.22075310726262,
              -22.922150316608647
            ]
          ]
        ]
      },
      "properties": {
        "h3": "8aa8a0616047fff",
        "crime_count": 13,
        "crime_score": 0.7557,
        "factor_count": 6,
        "factor_score": 0.5455,
        "signal_count": 3,
        "signal_score": 0.1034,
        "bingo_count": 2,
        "is_bingo": true,
        "bingo_score": 0.5401,
        "top_crime_type": "Roubo de aparelho celular",
        "factor_types": [
          "Calçada estreita forçando pedestres à pista",
          "Motocicletas trafegando no passeio",
          "Pessoas em situação de rua",
          "Vegetação encobrindo iluminação pública",
          "Vegetação obstruindo a visibilidade do passeio",
          "Área mal iluminada com circulação de pedestres"
        ],
        "factor_agencies": [
          "Comlurb",
          "GM-Rio",
          "RioLuz",
          "SMAS",
          "Seconserva"
        ],
        "justification": "BINGO 2/3: 13 ocorrências (predom. roubo de celular) + Calçada estreita forçando pedestres à pista (+5) [Comlurb, GM-Rio, RioLuz, SMAS, Seconserva]"
      }
    },
    {
      "type": "Feature",
      "geometry": {
        "type": "Polygon",
        "coordinates": [
          [
            [
              -43.221609620088216,
              -22.921243130130918
            ],
            [
              -43.221013906323776,
              -22.9208144447857
            ],
            [
              -43.22114430542411,
              -22.92014650104061
            ],
            [
              -43.22187041681317,
              -22.919907243333316
            ],
            [
              -43.222466129943506,
              -22.920335930058528
            ],
            [
              -43.222335732318925,
              -22.92100387311101
            ],
            [
              -43.221609620088216,
              -22.921243130130918
            ]
          ]
        ]
      },
      "properties": {
        "h3": "8aa8a061604ffff",
        "crime_count": 5,
        "crime_score": 0.4809,
        "factor_count": 5,
        "factor_score": 0.4545,
        "signal_count": 2,
        "signal_score": 0.069,
        "bingo_count": 1,
        "is_bingo": false,
        "bingo_score": 0.3713,
        "top_crime_type": "Roubo a transeunte",
        "factor_types": [
          "Calçada estreita forçando pedestres à pista",
          "Pessoas em situação de rua",
          "Vegetação encobrindo iluminação pública",
          "Vegetação obstruindo a visibilidade do passeio",
          "Área mal iluminada com circulação de pedestres"
        ],
        "factor_agencies": [
          "Comlurb",
          "RioLuz",
          "SMAS",
          "Seconserva"
        ],
        "justification": "sinal 1/3: 5 ocorrências (predom. roubo a transeunte)"
      }
    },
    {
      "type": "Feature",
      "geometry": {
        "type": "Polygon",
        "coordinates": [
          [
            [
              -43.21943127787161,
              -22.921960878135863
            ],
            [
              -43.21883556398944,
              -22.92153218805831
            ],
            [
              -43.218965965733375,
              -22.920864251108426
            ],
            [
              -43.219692079883984,
              -22.920625004928254
            ],
            [
              -43.220287793132734,
              -22.921053696385766
            ],
            [
              -43.22015739286432,
              -22.921721632643436
            ],
            [
              -43.21943127787161,
              -22.921960878135863
            ]
          ]
        ]
      },
      "properties": {
        "h3": "8aa8a0616057fff",
        "crime_count": 16,
        "crime_score": 0.7939,
        "factor_count": 9,
        "factor_score": 0.8182,
        "signal_count": 3,
        "signal_score": 0.1034,
        "bingo_count": 2,
        "is_bingo": true,
        "bingo_score": 0.6274,
        "top_crime_type": "Roubo de aparelho celular",
        "factor_types": [
          "Calçada estreita forçando pedestres à pista",
          "Lixo/entulho forçando pedestres à pista",
          "Lixo/entulho obstruindo a visibilidade",
          "Mobiliário urbano desviando pedestres para a pista",
          "Motocicletas trafegando no passeio",
          "Pessoas em situação de rua",
          "Vegetação encobrindo iluminação pública",
          "Vegetação obstruindo a visibilidade do passeio",
          "Área mal iluminada com circulação de pedestres"
        ],
        "factor_agencies": [
          "Comlurb",
          "GM-Rio",
          "RioLuz",
          "SMAS",
          "Seconserva"
        ],
        "justification": "BINGO 2/3: 16 ocorrências (predom. roubo de celular) + Calçada estreita forçando pedestres à pista (+8) [Comlurb, GM-Rio, RioLuz, SMAS, Seconserva]"
      }
    },
    {
      "type": "Feature",
      "geometry": {
        "type": "Polygon",
        "coordinates": [
          [
            [
              -43.220287793132734,
              -22.921053696385766
            ],
            [
              -43.219692079883984,
              -22.920625004928254
            ],
            [
              -43.219822480459946,
              -22.9199570604908
            ],
            [
              -43.22054859280906,
              -22.91971780820316
            ],
            [
              -43.22114430542411,
              -22.92014650104061
            ],
            [
              -43.221013906323776,
              -22.9208144447857
            ],
            [
              -43.220287793132734,
              -22.921053696385766
            ]
          ]
        ]
      },
      "properties": {
        "h3": "8aa8a061605ffff",
        "crime_count": 2,
        "crime_score": 0.4809,
        "factor_count": 5,
        "factor_score": 0.4545,
        "signal_count": 2,
        "signal_score": 0.069,
        "bingo_count": 1,
        "is_bingo": false,
        "bingo_score": 0.3713,
        "top_crime_type": "Roubo de aparelho celular",
        "factor_types": [
          "Calçada estreita forçando pedestres à pista",
          "Pessoas em situação de rua",
          "Vegetação encobrindo iluminação pública",
          "Vegetação obstruindo a visibilidade do passeio",
          "Área mal iluminada com circulação de pedestres"
        ],
        "factor_agencies": [
          "Comlurb",
          "RioLuz",
          "SMAS",
          "Seconserva"
        ],
        "justification": "sinal 1/3: 2 ocorrências (predom. roubo de celular)"
      }
    },
    {
      "type": "Feature",
      "geometry": {
        "type": "Polygon",
        "coordinates": [
          [
            [
              -43.22121842284955,
              -22.923246921158782
            ],
            [
              -43.22062270730179,
              -22.922818244686237
            ],
            [
              -43.22075310726262,
              -22.922150316608647
            ],
            [
              -43.221479221295496,
              -22.921911065696143
            ],
            [
              -43.22207493620926,
              -22.922339743548758
            ],
            [
              -43.22194453772418,
              -22.92300767093379
            ],
            [
              -43.22121842284955,
              -22.923246921158782
            ]
          ]
        ]
      },
      "properties": {
        "h3": "8aa8a0616067fff",
        "crime_count": 8,
        "crime_score": 0.7099,
        "factor_count": 11,
        "factor_score": 1.0,
        "signal_count": 9,
        "signal_score": 0.3103,
        "bingo_count": 3,
        "is_bingo": true,
        "bingo_score": 1.0238,
        "top_crime_type": "Roubo a transeunte",
        "factor_types": [
          "Calçada estreita forçando pedestres à pista",
          "Comércio irregular obstruindo a visibilidade do passeio",
          "Mobiliário abandonado servindo de esconderijo",
          "Motocicletas trafegando no passeio",
          "Pessoas em situação de rua",
          "Ponto de retenção do tráfego",
          "Vegetação encobrindo iluminação pública",
          "Vegetação obstruindo a visibilidade do passeio",
          "Veículos de grande porte obstruindo a visibilidade",
          "Área mal iluminada com circulação de pedestres",
          "Área mal iluminada com parada de veículos"
        ],
        "factor_agencies": [
          "CET-Rio",
          "Comlurb",
          "GM-Rio",
          "RioLuz",
          "SEOP",
          "SMAS",
          "Seconserva"
        ],
        "justification": "BINGO 3/3: 8 ocorrências (predom. roubo a transeunte) + Calçada estreita forçando pedestres à pista (+10) [CET-Rio, Comlurb, GM-Rio, RioLuz, SEOP, SMAS, Seconserva] + 9 denúncias relacionadas"
      }
    },
    {
      "type": "Feature",
      "geometry": {
        "type": "Polygon",
        "coordinates": [
          [
            [
              -43.22207493620926,
              -22.922339743548758
            ],
            [
              -43.221479221295496,
              -22.921911065696143
            ],
            [
              -43.221609620088216,
              -22.921243130130918
            ],
            [
              -43.222335732318925,
              -22.92100387311101
            ],
            [
              -43.22293144659844,
              -22.9214325523437
            ],
            [
              -43.222801049281536,
              -22.922100487216195
            ],
            [
              -43.22207493620926,
              -22.922339743548758
            ]
          ]
        ]
      },
      "properties": {
        "h3": "8aa8a061606ffff",
        "crime_count": 9,
        "crime_score": 0.6718,
        "factor_count": 7,
        "factor_score": 0.6364,
        "signal_count": 9,
        "signal_score": 0.3103,
        "bingo_count": 3,
        "is_bingo": true,
        "bingo_score": 0.8589,
        "top_crime_type": "Roubo a transeunte",
        "factor_types": [
          "Calçada estreita forçando pedestres à pista",
          "Pessoas em situação de rua",
          "Vegetação encobrindo iluminação pública",
          "Vegetação obstruindo a visibilidade do passeio",
          "Veículos de grande porte obstruindo a visibilidade",
          "Área mal iluminada com circulação de pedestres",
          "Área mal iluminada com parada de veículos"
        ],
        "factor_agencies": [
          "Comlurb",
          "RioLuz",
          "SEOP",
          "SMAS",
          "Seconserva"
        ],
        "justification": "BINGO 3/3: 9 ocorrências (predom. roubo a transeunte) + Calçada estreita forçando pedestres à pista (+6) [Comlurb, RioLuz, SEOP, SMAS, Seconserva] + 9 denúncias relacionadas"
      }
    },
    {
      "type": "Feature",
      "geometry": {
        "type": "Polygon",
        "coordinates": [
          [
            [
              -43.21989659146706,
              -22.923057489490947
            ],
            [
              -43.21930087643519,
              -22.92262880690574
            ],
            [
              -43.21943127787161,
              -22.921960878135863
            ],
            [
              -43.22015739286432,
              -22.921721632643436
            ],
            [
              -43.22075310726262,
              -22.922150316608647
            ],
            [
              -43.22062270730179,
              -22.922818244686237
            ],
            [
              -43.21989659146706,
              -22.923057489490947
            ]
          ]
        ]
      },
      "properties": {
        "h3": "8aa8a0616077fff",
        "crime_count": 33,
        "crime_score": 1.0,
        "factor_count": 10,
        "factor_score": 0.9091,
        "signal_count": 10,
        "signal_score": 0.3448,
        "bingo_count": 3,
        "is_bingo": true,
        "bingo_score": 1.2202,
        "top_crime_type": "Roubo a transeunte",
        "factor_types": [
          "Calçada estreita forçando pedestres à pista",
          "Lixo/entulho forçando pedestres à pista",
          "Lixo/entulho obstruindo a visibilidade",
          "Mobiliário abandonado servindo de esconderijo",
          "Mobiliário urbano desviando pedestres para a pista",
          "Motocicletas trafegando no passeio",
          "Pessoas em situação de rua",
          "Ponto de retenção do tráfego",
          "Vegetação encobrindo iluminação pública",
          "Vegetação obstruindo a visibilidade do passeio"
        ],
        "factor_agencies": [
          "CET-Rio",
          "Comlurb",
          "GM-Rio",
          "SMAS",
          "Seconserva"
        ],
        "justification": "BINGO 3/3: 33 ocorrências (predom. roubo a transeunte) + Calçada estreita forçando pedestres à pista (+9) [CET-Rio, Comlurb, GM-Rio, SMAS, Seconserva] + 10 denúncias relacionadas"
      }
    },
    {
      "type": "Feature",
      "geometry": {
        "type": "Polygon",
        "coordinates": [
          [
            [
              -43.21460926151669,
              -22.922299647491897
            ],
            [
              -43.21401354855475,
              -22.921870940458433
            ],
            [
              -43.21414395589216,
              -22.92120300892203
            ],
            [
              -43.21487007471651,
              -22.92096378511029
            ],
            [
              -43.215465787046526,
              -22.921392493523488
            ],
            [
              -43.215335381184154,
              -22.922060424368656
            ],
            [
              -43.21460926151669,
              -22.922299647491897
            ]
          ]
        ]
      },
      "properties": {
        "h3": "8aa8a0616087fff",
        "crime_count": 3,
        "crime_score": 0.0763,
        "factor_count": 0,
        "factor_score": 0.0,
        "signal_count": 1,
        "signal_score": 0.0345,
        "bingo_count": 0,
        "is_bingo": false,
        "bingo_score": 0.0468,
        "top_crime_type": "Roubo a transeunte",
        "factor_types": [],
        "factor_agencies": [],
        "justification": ""
      }
    },
    {
      "type": "Feature",
      "geometry": {
        "type": "Polygon",
        "coordinates": [
          [
            [
              -43.215465787046526,
              -22.921392493523488
            ],
            [
              -43.21487007471651,
              -22.92096378511029
            ],
            [
              -43.215000480886246,
              -22.92029584608541
            ],
            [
              -43.21572659791091,
              -22.920056616165102
            ],
            [
              -43.21632230960873,
              -22.92048532595805
            ],
            [
              -43.21619190491412,
              -22.921153264291533
            ],
            [
              -43.215465787046526,
              -22.921392493523488
            ]
          ]
        ]
      },
      "properties": {
        "h3": "8aa8a061608ffff",
        "crime_count": 3,
        "crime_score": 0.2824,
        "factor_count": 2,
        "factor_score": 0.1818,
        "signal_count": 8,
        "signal_score": 0.2759,
        "bingo_count": 1,
        "is_bingo": false,
        "bingo_score": 0.2556,
        "top_crime_type": "Roubo a transeunte",
        "factor_types": [
          "Motocicletas trafegando no passeio",
          "Veículos de grande porte obstruindo a visibilidade"
        ],
        "factor_agencies": [
          "GM-Rio",
          "SEOP"
        ],
        "justification": "sinal 1/3: 8 denúncias relacionadas"
      }
    },
    {
      "type": "Feature",
      "geometry": {
        "type": "Polygon",
        "coordinates": [
          [
            [
              -43.21414395589216,
              -22.92120300892203
            ],
            [
              -43.213548244080805,
              -22.9207742943974
            ],
            [
              -43.21367865172553,
              -22.92010635468139
            ],
            [
              -43.21440476970667,
              -22.9198671301811
            ],
            [
              -43.215000480886246,
              -22.92029584608541
            ],
            [
              -43.21487007471651,
              -22.92096378511029
            ],
            [
              -43.21414395589216,
              -22.92120300892203
            ]
          ]
        ]
      },
      "properties": {
        "h3": "8aa8a061609ffff",
        "crime_count": 0,
        "crime_score": 0.1069,
        "factor_count": 0,
        "factor_score": 0.0,
        "signal_count": 3,
        "signal_score": 0.1034,
        "bingo_count": 0,
        "is_bingo": false,
        "bingo_score": 0.0793,
        "top_crime_type": "",
        "factor_types": [],
        "factor_agencies": [],
        "justification": ""
      }
    },
    {
      "type": "Feature",
      "geometry": {
        "type": "Polygon",
        "coordinates": [
          [
            [
              -43.21593109466452,
              -22.922489125290408
            ],
            [
              -43.215335381184154,
              -22.922060424368656
            ],
            [
              -43.215465787046526,
              -22.921392493523488
            ],
            [
              -43.21619190491412,
              -22.921153264291533
            ],
            [
              -43.21678761776215,
              -22.921581966593088
            ],
            [
              -43.216657213374965,
              -22.92224989674675
            ],
            [
              -43.21593109466452,
              -22.922489125290408
            ]
          ]
        ]
      },
      "properties": {
        "h3": "8aa8a06160affff",
        "crime_count": 1,
        "crime_score": 0.1374,
        "factor_count": 0,
        "factor_score": 0.0,
        "signal_count": 3,
        "signal_score": 0.1034,
        "bingo_count": 0,
        "is_bingo": false,
        "bingo_score": 0.0946,
        "top_crime_type": "Roubo a transeunte",
        "factor_types": [],
        "factor_agencies": [],
        "justification": ""
      }
    },
    {
      "type": "Feature",
      "geometry": {
        "type": "Polygon",
        "coordinates": [
          [
            [
              -43.21764413789158,
              -22.920674794299124
            ],
            [
              -43.21704842567614,
              -22.92024609061775
            ],
            [
              -43.21717882920295,
              -22.91957814479636
            ],
            [
              -43.217904943469854,
              -22.919338903348134
            ],
            [
              -43.218500655052424,
              -22.919767608409327
            ],
            [
              -43.21837025300098,
              -22.92043555353888
            ],
            [
              -43.21764413789158,
              -22.920674794299124
            ]
          ]
        ]
      },
      "properties": {
        "h3": "8aa8a06160c7fff",
        "crime_count": 7,
        "crime_score": 0.6031,
        "factor_count": 5,
        "factor_score": 0.4545,
        "signal_count": 8,
        "signal_score": 0.2759,
        "bingo_count": 2,
        "is_bingo": true,
        "bingo_score": 0.4842,
        "top_crime_type": "Roubo de aparelho celular",
        "factor_types": [
          "Motocicletas trafegando no passeio",
          "Pessoas em situação de rua",
          "Vegetação encobrindo iluminação pública",
          "Vegetação obstruindo a visibilidade do passeio",
          "Veículos de grande porte obstruindo a visibilidade"
        ],
        "factor_agencies": [
          "Comlurb",
          "GM-Rio",
          "SEOP",
          "SMAS"
        ],
        "justification": "BINGO 2/3: 7 ocorrências (predom. roubo de celular) + 8 denúncias relacionadas"
      }
    },
    {
      "type": "Feature",
      "geometry": {
        "type": "Polygon",
        "coordinates": [
          [
            [
              -43.218500655052424,
              -22.919767608409327
            ],
            [
              -43.217904943469854,
              -22.919338903348134
            ],
            [
              -43.21803534582879,
              -22.91867095003922
            ],
            [
              -43.21876145829489,
              -22.91843170248346
            ],
            [
              -43.219357169244326,
              -22.91886040892446
            ],
            [
              -43.21922676836082,
              -22.919528361541367
            ],
            [
              -43.218500655052424,
              -22.919767608409327
            ]
          ]
        ]
      },
      "properties": {
        "h3": "8aa8a06160cffff",
        "crime_count": 14,
        "crime_score": 0.6489,
        "factor_count": 4,
        "factor_score": 0.3636,
        "signal_count": 21,
        "signal_score": 0.7241,
        "bingo_count": 2,
        "is_bingo": true,
        "bingo_score": 0.5964,
        "top_crime_type": "Roubo a transeunte",
        "factor_types": [
          "Lixo/entulho forçando pedestres à pista",
          "Pessoas em situação de rua",
          "Ponto de ônibus com histórico de vandalismo",
          "Vegetação encobrindo iluminação pública"
        ],
        "factor_agencies": [
          "Comlurb",
          "SMAS",
          "SMTR"
        ],
        "justification": "BINGO 2/3: 14 ocorrências (predom. roubo a transeunte) + 21 denúncias relacionadas"
      }
    },
    {
      "type": "Feature",
      "geometry": {
        "type": "Polygon",
        "coordinates": [
          [
            [
              -43.21632230960873,
              -22.92048532595805
            ],
            [
              -43.21572659791091,
              -22.920056616165102
            ],
            [
              -43.21585700291292,
              -22.919388669652136
            ],
            [
              -43.21658311813758,
              -22.919149433623662
            ],
            [
              -43.21717882920295,
              -22.91957814479636
            ],
            [
              -43.21704842567614,
              -22.92024609061775
            ],
            [
              -43.21632230960873,
              -22.92048532595805
            ]
          ]
        ]
      },
      "properties": {
        "h3": "8aa8a06160d7fff",
        "crime_count": 12,
        "crime_score": 0.4504,
        "factor_count": 4,
        "factor_score": 0.3636,
        "signal_count": 8,
        "signal_score": 0.2759,
        "bingo_count": 2,
        "is_bingo": true,
        "bingo_score": 0.3851,
        "top_crime_type": "Roubo a transeunte",
        "factor_types": [
          "Motocicletas trafegando no passeio",
          "Pessoas em situação de rua",
          "Vegetação encobrindo iluminação pública",
          "Veículos de grande porte obstruindo a visibilidade"
        ],
        "factor_agencies": [
          "Comlurb",
          "GM-Rio",
          "SEOP",
          "SMAS"
        ],
        "justification": "BINGO 2/3: 12 ocorrências (predom. roubo a transeunte) + 8 denúncias relacionadas"
      }
    },
    {
      "type": "Feature",
      "geometry": {
        "type": "Polygon",
        "coordinates": [
          [
            [
              -43.21717882920295,
              -22.91957814479636
            ],
            [
              -43.21658311813758,
              -22.919149433623662
            ],
            [
              -43.216713521971805,
              -22.91848147962302
            ],
            [
              -43.21743963539615,
              -22.918242237486773
            ],
            [
              -43.21803534582879,
              -22.91867095003922
            ],
            [
              -43.217904943469854,
              -22.919338903348134
            ],
            [
              -43.21717882920295,
              -22.91957814479636
            ]
          ]
        ]
      },
      "properties": {
        "h3": "8aa8a06160dffff",
        "crime_count": 10,
        "crime_score": 0.5038,
        "factor_count": 4,
        "factor_score": 0.3636,
        "signal_count": 26,
        "signal_score": 0.8966,
        "bingo_count": 2,
        "is_bingo": true,
        "bingo_score": 0.5669,
        "top_crime_type": "Roubo a transeunte",
        "factor_types": [
          "Motocicletas trafegando no passeio",
          "Pessoas em situação de rua",
          "Vegetação encobrindo iluminação pública",
          "Veículos de grande porte obstruindo a visibilidade"
        ],
        "factor_agencies": [
          "Comlurb",
          "GM-Rio",
          "SEOP",
          "SMAS"
        ],
        "justification": "BINGO 2/3: 10 ocorrências (predom. roubo a transeunte) + 26 denúncias relacionadas"
      }
    },
    {
      "type": "Feature",
      "geometry": {
        "type": "Polygon",
        "coordinates": [
          [
            [
              -43.21810944803765,
              -22.921771428130608
            ],
            [
              -43.21751373467223,
              -22.921342731940932
            ],
            [
              -43.21764413789158,
              -22.920674794299124
            ],
            [
              -43.21837025300098,
              -22.92043555353888
            ],
            [
              -43.218965965733375,
              -22.920864251108426
            ],
            [
              -43.21883556398944,
              -22.92153218805831
            ],
            [
              -43.21810944803765,
              -22.921771428130608
            ]
          ]
        ]
      },
      "properties": {
        "h3": "8aa8a06160e7fff",
        "crime_count": 15,
        "crime_score": 0.5496,
        "factor_count": 6,
        "factor_score": 0.5455,
        "signal_count": 4,
        "signal_score": 0.1379,
        "bingo_count": 2,
        "is_bingo": true,
        "bingo_score": 0.4456,
        "top_crime_type": "Roubo a transeunte",
        "factor_types": [
          "Lixo/entulho forçando pedestres à pista",
          "Lixo/entulho obstruindo a visibilidade",
          "Mobiliário urbano desviando pedestres para a pista",
          "Motocicletas trafegando no passeio",
          "Vegetação encobrindo iluminação pública",
          "Vegetação obstruindo a visibilidade do passeio"
        ],
        "factor_agencies": [
          "Comlurb",
          "GM-Rio",
          "Seconserva"
        ],
        "justification": "BINGO 2/3: 15 ocorrências (predom. roubo a transeunte) + Lixo/entulho forçando pedestres à pista (+5) [Comlurb, GM-Rio, Seconserva]"
      }
    },
    {
      "type": "Feature",
      "geometry": {
        "type": "Polygon",
        "coordinates": [
          [
            [
              -43.218965965733375,
              -22.920864251108426
            ],
            [
              -43.21837025300098,
              -22.92043555353888
            ],
            [
              -43.218500655052424,
              -22.919767608409327
            ],
            [
              -43.21922676836082,
              -22.919528361541367
            ],
            [
              -43.219822480459946,
              -22.9199570604908
            ],
            [
              -43.219692079883984,
              -22.920625004928254
            ],
            [
              -43.218965965733375,
              -22.920864251108426
            ]
          ]
        ]
      },
      "properties": {
        "h3": "8aa8a06160effff",
        "crime_count": 4,
        "crime_score": 0.5191,
        "factor_count": 4,
        "factor_score": 0.3636,
        "signal_count": 2,
        "signal_score": 0.069,
        "bingo_count": 1,
        "is_bingo": false,
        "bingo_score": 0.3677,
        "top_crime_type": "Roubo de aparelho celular",
        "factor_types": [
          "Calçada estreita forçando pedestres à pista",
          "Vegetação encobrindo iluminação pública",
          "Vegetação obstruindo a visibilidade do passeio",
          "Área mal iluminada com circulação de pedestres"
        ],
        "factor_agencies": [
          "Comlurb",
          "RioLuz",
          "Seconserva"
        ],
        "justification": "sinal 1/3: 4 ocorrências (predom. roubo de celular)"
      }
    },
    {
      "type": "Feature",
      "geometry": {
        "type": "Polygon",
        "coordinates": [
          [
            [
              -43.21678761776215,
              -22.921581966593088
            ],
            [
              -43.21619190491412,
              -22.921153264291533
            ],
            [
              -43.21632230960873,
              -22.92048532595805
            ],
            [
              -43.21704842567614,
              -22.92024609061775
            ],
            [
              -43.21764413789158,
              -22.920674794299124
            ],
            [
              -43.21751373467223,
              -22.921342731940932
            ],
            [
              -43.21678761776215,
              -22.921581966593088
            ]
          ]
        ]
      },
      "properties": {
        "h3": "8aa8a06160f7fff",
        "crime_count": 10,
        "crime_score": 0.4427,
        "factor_count": 3,
        "factor_score": 0.2727,
        "signal_count": 9,
        "signal_score": 0.3103,
        "bingo_count": 2,
        "is_bingo": true,
        "bingo_score": 0.3671,
        "top_crime_type": "Roubo a transeunte",
        "factor_types": [
          "Motocicletas trafegando no passeio",
          "Vegetação obstruindo a visibilidade do passeio",
          "Veículos de grande porte obstruindo a visibilidade"
        ],
        "factor_agencies": [
          "Comlurb",
          "GM-Rio",
          "SEOP"
        ],
        "justification": "BINGO 2/3: 10 ocorrências (predom. roubo a transeunte) + 9 denúncias relacionadas"
      }
    },
    {
      "type": "Feature",
      "geometry": {
        "type": "Polygon",
        "coordinates": [
          [
            [
              -43.22082722302939,
              -22.92525066518128
            ],
            [
              -43.22023150569837,
              -22.924821997581887
            ],
            [
              -43.22036190651968,
              -22.924154085172983
            ],
            [
              -43.22108802319633,
              -22.923914841055954
            ],
            [
              -43.22168373989348,
              -22.924343510035474
            ],
            [
              -43.22155334054789,
              -22.92501142175189
            ],
            [
              -43.22082722302939,
              -22.92525066518128
            ]
          ]
        ]
      },
      "properties": {
        "h3": "8aa8a0616147fff",
        "crime_count": 11,
        "crime_score": 0.3206,
        "factor_count": 7,
        "factor_score": 0.6364,
        "signal_count": 11,
        "signal_score": 0.3793,
        "bingo_count": 2,
        "is_bingo": true,
        "bingo_score": 0.4142,
        "top_crime_type": "Roubo de aparelho celular",
        "factor_types": [
          "Calçada estreita forçando pedestres à pista",
          "Comércio irregular obstruindo a visibilidade do passeio",
          "Mobiliário abandonado servindo de esconderijo",
          "Motocicletas trafegando no passeio",
          "Ponto de retenção do tráfego",
          "Vegetação encobrindo iluminação pública",
          "Área mal iluminada com circulação de pedestres"
        ],
        "factor_agencies": [
          "CET-Rio",
          "Comlurb",
          "GM-Rio",
          "RioLuz",
          "SEOP",
          "Seconserva"
        ],
        "justification": "BINGO 2/3: Calçada estreita forçando pedestres à pista (+6) [CET-Rio, Comlurb, GM-Rio, RioLuz, SEOP, Seconserva] + 11 denúncias relacionadas"
      }
    },
    {
      "type": "Feature",
      "geometry": {
        "type": "Polygon",
        "coordinates": [
          [
            [
              -43.22168373989348,
              -22.924343510035474
            ],
            [
              -43.22108802319633,
              -22.923914841055954
            ],
            [
              -43.22121842284955,
              -22.923246921158782
            ],
            [
              -43.22194453772418,
              -22.92300767093379
            ],
            [
              -43.2225402537872,
              -22.92343634129346
            ],
            [
              -43.22240985560977,
              -22.92410426049796
            ],
            [
              -43.22168373989348,
              -22.924343510035474
            ]
          ]
        ]
      },
      "properties": {
        "h3": "8aa8a061614ffff",
        "crime_count": 2,
        "crime_score": 0.4427,
        "factor_count": 9,
        "factor_score": 0.8182,
        "signal_count": 12,
        "signal_score": 0.4138,
        "bingo_count": 3,
        "is_bingo": true,
        "bingo_score": 0.794,
        "top_crime_type": "Roubo de aparelho celular",
        "factor_types": [
          "Calçada estreita forçando pedestres à pista",
          "Comércio irregular obstruindo a visibilidade do passeio",
          "Mobiliário abandonado servindo de esconderijo",
          "Motocicletas trafegando no passeio",
          "Ponto de retenção do tráfego",
          "Vegetação encobrindo iluminação pública",
          "Veículos de grande porte obstruindo a visibilidade",
          "Área mal iluminada com circulação de pedestres",
          "Área mal iluminada com parada de veículos"
        ],
        "factor_agencies": [
          "CET-Rio",
          "Comlurb",
          "GM-Rio",
          "RioLuz",
          "SEOP",
          "Seconserva"
        ],
        "justification": "BINGO 3/3: 2 ocorrências (predom. roubo de celular) + Calçada estreita forçando pedestres à pista (+8) [CET-Rio, Comlurb, GM-Rio, RioLuz, SEOP, Seconserva] + 12 denúncias relacionadas"
      }
    },
    {
      "type": "Feature",
      "geometry": {
        "type": "Polygon",
        "coordinates": [
          [
            [
              -43.22036190651968,
              -22.924154085172983
            ],
            [
              -43.21976619033819,
              -22.9237254100805
            ],
            [
              -43.21989659146706,
              -22.923057489490947
            ],
            [
              -43.22062270730179,
              -22.922818244686237
            ],
            [
              -43.22121842284955,
              -22.923246921158782
            ],
            [
              -43.22108802319633,
              -22.923914841055954
            ],
            [
              -43.22036190651968,
              -22.924154085172983
            ]
          ]
        ]
      },
      "properties": {
        "h3": "8aa8a061615ffff",
        "crime_count": 14,
        "crime_score": 0.6947,
        "factor_count": 7,
        "factor_score": 0.6364,
        "signal_count": 12,
        "signal_score": 0.4138,
        "bingo_count": 3,
        "is_bingo": true,
        "bingo_score": 0.9148,
        "top_crime_type": "Roubo a transeunte",
        "factor_types": [
          "Calçada estreita forçando pedestres à pista",
          "Comércio irregular obstruindo a visibilidade do passeio",
          "Mobiliário abandonado servindo de esconderijo",
          "Motocicletas trafegando no passeio",
          "Ponto de retenção do tráfego",
          "Vegetação encobrindo iluminação pública",
          "Área mal iluminada com circulação de pedestres"
        ],
        "factor_agencies": [
          "CET-Rio",
          "Comlurb",
          "GM-Rio",
          "RioLuz",
          "SEOP",
          "Seconserva"
        ],
        "justification": "BINGO 3/3: 14 ocorrências (predom. roubo a transeunte) + Calçada estreita forçando pedestres à pista (+6) [CET-Rio, Comlurb, GM-Rio, RioLuz, SEOP, Seconserva] + 12 denúncias relacionadas"
      }
    },
    {
      "type": "Feature",
      "geometry": {
        "type": "Polygon",
        "coordinates": [
          [
            [
              -43.222149058394365,
              -22.92544008323806
            ],
            [
              -43.22155334054789,
              -22.92501142175189
            ],
            [
              -43.22168373989348,
              -22.924343510035474
            ],
            [
              -43.22240985560977,
              -22.92410426049796
            ],
            [
              -43.22300557282196,
              -22.924532923364314
            ],
            [
              -43.22287517495219,
              -22.925200834387972
            ],
            [
              -43.222149058394365,
              -22.92544008323806
            ]
          ]
        ]
      },
      "properties": {
        "h3": "8aa8a061616ffff",
        "crime_count": 4,
        "crime_score": 0.2443,
        "factor_count": 3,
        "factor_score": 0.2727,
        "signal_count": 5,
        "signal_score": 0.1724,
        "bingo_count": 0,
        "is_bingo": false,
        "bingo_score": 0.2334,
        "top_crime_type": "Roubo a transeunte",
        "factor_types": [
          "Calçada estreita forçando pedestres à pista",
          "Comércio irregular obstruindo a visibilidade do passeio",
          "Área mal iluminada com circulação de pedestres"
        ],
        "factor_agencies": [
          "RioLuz",
          "SEOP",
          "Seconserva"
        ],
        "justification": ""
      }
    },
    {
      "type": "Feature",
      "geometry": {
        "type": "Polygon",
        "coordinates": [
          [
            [
              -43.22285732109618,
              -22.91833206956833
            ],
            [
              -43.22226160974932,
              -22.917903373970987
            ],
            [
              -43.222392006821025,
              -22.91723540707316
            ],
            [
              -43.22311811376375,
              -22.9169961364655
            ],
            [
              -43.223713824476135,
              -22.917424833442787
            ],
            [
              -43.2235834288803,
              -22.918092799647752
            ],
            [
              -43.22285732109618,
              -22.91833206956833
            ]
          ]
        ]
      },
      "properties": {
        "h3": "8aa8a0616237fff",
        "crime_count": 17,
        "crime_score": 0.4351,
        "factor_count": 7,
        "factor_score": 0.6364,
        "signal_count": 0,
        "signal_score": 0.0,
        "bingo_count": 2,
        "is_bingo": true,
        "bingo_score": 0.3766,
        "top_crime_type": "Roubo a transeunte",
        "factor_types": [
          "Estacionamento irregular forçando pedestres à pista",
          "Pessoas em situação de rua",
          "Sem ocorrência",
          "Vegetação encobrindo iluminação pública",
          "Vegetação obstruindo a visibilidade do passeio",
          "Veículos de grande porte obstruindo a visibilidade",
          "Vãos ou cavidades usados como esconderijo"
        ],
        "factor_agencies": [
          "Comlurb",
          "SEOP",
          "SMAS",
          "Seconserva"
        ],
        "justification": "BINGO 2/3: 17 ocorrências (predom. roubo a transeunte) + Estacionamento irregular forçando pedestres à pista (+6) [Comlurb, SEOP, SMAS, Seconserva]"
      }
    },
    {
      "type": "Feature",
      "geometry": {
        "type": "Polygon",
        "coordinates": [
          [
            [
              -43.2206048778925,
              -22.91594928420302
            ],
            [
              -43.220009169359614,
              -22.91552056751129
            ],
            [
              -43.22013956852222,
              -22.914852583563864
            ],
            [
              -43.22086567474212,
              -22.9146133170005
            ],
            [
              -43.22146138264123,
              -22.91504203507199
            ],
            [
              -43.22133098495426,
              -22.915710018327033
            ],
            [
              -43.2206048778925,
              -22.91594928420302
            ]
          ]
        ]
      },
      "properties": {
        "h3": "8aa8a0616287fff",
        "crime_count": 2,
        "crime_score": 0.1603,
        "factor_count": 2,
        "factor_score": 0.1818,
        "signal_count": 2,
        "signal_score": 0.069,
        "bingo_count": 0,
        "is_bingo": false,
        "bingo_score": 0.1428,
        "top_crime_type": "Roubo a transeunte",
        "factor_types": [
          "Vegetação encobrindo iluminação pública",
          "Vãos ou cavidades usados como esconderijo"
        ],
        "factor_agencies": [
          "Comlurb",
          "Seconserva"
        ],
        "justification": ""
      }
    },
    {
      "type": "Feature",
      "geometry": {
        "type": "Polygon",
        "coordinates": [
          [
            [
              -43.21928306133812,
              -22.915759827968458
            ],
            [
              -43.2186873533214,
              -22.915331105165716
            ],
            [
              -43.21881775395951,
              -22.914663120526143
            ],
            [
              -43.21954386113888,
              -22.914423859381415
            ],
            [
              -43.22013956852222,
              -22.914852583563864
            ],
            [
              -43.220009169359614,
              -22.91552056751129
            ],
            [
              -43.21928306133812,
              -22.915759827968458
            ]
          ]
        ]
      },
      "properties": {
        "h3": "8aa8a0616297fff",
        "crime_count": 8,
        "crime_score": 0.374,
        "factor_count": 0,
        "factor_score": 0.0,
        "signal_count": 3,
        "signal_score": 0.1034,
        "bingo_count": 0,
        "is_bingo": false,
        "bingo_score": 0.2128,
        "top_crime_type": "Roubo de aparelho celular",
        "factor_types": [],
        "factor_agencies": [],
        "justification": ""
      }
    },
    {
      "type": "Feature",
      "geometry": {
        "type": "Polygon",
        "coordinates": [
          [
            [
              -43.22107018871982,
              -22.917045969172747
            ],
            [
              -43.22047447903746,
              -22.91661725997211
            ],
            [
              -43.2206048778925,
              -22.91594928420302
            ],
            [
              -43.22133098495426,
              -22.915710018327033
            ],
            [
              -43.22192669400269,
              -22.916138728907484
            ],
            [
              -43.22179629662334,
              -22.916806703984072
            ],
            [
              -43.22107018871982,
              -22.917045969172747
            ]
          ]
        ]
      },
      "properties": {
        "h3": "8aa8a06162a7fff",
        "crime_count": 2,
        "crime_score": 0.1908,
        "factor_count": 3,
        "factor_score": 0.2727,
        "signal_count": 6,
        "signal_score": 0.2069,
        "bingo_count": 1,
        "is_bingo": false,
        "bingo_score": 0.2153,
        "top_crime_type": "Roubo de aparelho celular",
        "factor_types": [
          "Motocicletas trafegando no passeio",
          "Vegetação encobrindo iluminação pública",
          "Vãos ou cavidades usados como esconderijo"
        ],
        "factor_agencies": [
          "Comlurb",
          "GM-Rio",
          "Seconserva"
        ],
        "justification": "sinal 1/3: 6 denúncias relacionadas"
      }
    },
    {
      "type": "Feature",
      "geometry": {
        "type": "Polygon",
        "coordinates": [
          [
            [
              -43.21974837017394,
              -22.916856519741756
            ],
            [
              -43.21915266100753,
              -22.91642780442979
            ],
            [
              -43.21928306133812,
              -22.915759827968458
            ],
            [
              -43.220009169359614,
              -22.91552056751129
            ],
            [
              -43.2206048778925,
              -22.91594928420302
            ],
            [
              -43.22047447903746,
              -22.91661725997211
            ],
            [
              -43.21974837017394,
              -22.916856519741756
            ]
          ]
        ]
      },
      "properties": {
        "h3": "8aa8a06162b7fff",
        "crime_count": 7,
        "crime_score": 0.5267,
        "factor_count": 6,
        "factor_score": 0.5455,
        "signal_count": 6,
        "signal_score": 0.2069,
        "bingo_count": 3,
        "is_bingo": true,
        "bingo_score": 0.6772,
        "top_crime_type": "Roubo de aparelho celular",
        "factor_types": [
          "Comércio irregular obstruindo a visibilidade do passeio",
          "Estacionamento irregular forçando pedestres à pista",
          "Mobiliário/estrutura servindo de esconderijo",
          "Motocicletas trafegando no passeio",
          "Vegetação encobrindo iluminação pública",
          "Vãos ou cavidades usados como esconderijo"
        ],
        "factor_agencies": [
          "Comlurb",
          "GM-Rio",
          "SEOP",
          "Seconserva"
        ],
        "justification": "BINGO 3/3: 7 ocorrências (predom. roubo de celular) + Comércio irregular obstruindo a visibilidade do passeio (+5) [Comlurb, GM-Rio, SEOP, Seconserva] + 6 denúncias relacionadas"
      }
    },
    {
      "type": "Feature",
      "geometry": {
        "type": "Polygon",
        "coordinates": [
          [
            [
              -43.223787954016714,
              -22.92052534754439
            ],
            [
              -43.22319224037173,
              -22.920096666931617
            ],
            [
              -43.22332263682809,
              -22.919428716392304
            ],
            [
              -43.22404874545351,
              -22.91918944715877
            ],
            [
              -43.22464445846372,
              -22.919618129151623
            ],
            [
              -43.22451406348334,
              -22.92028607899788
            ],
            [
              -43.223787954016714,
              -22.92052534754439
            ]
          ]
        ]
      },
      "properties": {
        "h3": "8aa8a0616307fff",
        "crime_count": 6,
        "crime_score": 0.5267,
        "factor_count": 4,
        "factor_score": 0.3636,
        "signal_count": 4,
        "signal_score": 0.1379,
        "bingo_count": 1,
        "is_bingo": false,
        "bingo_score": 0.3887,
        "top_crime_type": "Roubo de aparelho celular",
        "factor_types": [
          "Estacionamento irregular forçando pedestres à pista",
          "Pessoas em situação de rua",
          "Vegetação encobrindo iluminação pública",
          "Vegetação obstruindo a visibilidade do passeio"
        ],
        "factor_agencies": [
          "Comlurb",
          "SEOP",
          "SMAS"
        ],
        "justification": "sinal 1/3: 6 ocorrências (predom. roubo de celular)"
      }
    },
    {
      "type": "Feature",
      "geometry": {
        "type": "Polygon",
        "coordinates": [
          [
            [
              -43.22464445846372,
              -22.919618129151623
            ],
            [
              -43.22404874545351,
              -22.91918944715877
            ],
            [
              -43.22417914074163,
              -22.91852148913301
            ],
            [
              -43.224905247563925,
              -22.91828221379328
            ],
            [
              -43.22550095993908,
              -22.918710897166196
            ],
            [
              -43.22537056612704,
              -22.91937885449874
            ],
            [
              -43.22464445846372,
              -22.919618129151623
            ]
          ]
        ]
      },
      "properties": {
        "h3": "8aa8a061630ffff",
        "crime_count": 3,
        "crime_score": 0.3664,
        "factor_count": 4,
        "factor_score": 0.3636,
        "signal_count": 3,
        "signal_score": 0.1034,
        "bingo_count": 0,
        "is_bingo": false,
        "bingo_score": 0.3,
        "top_crime_type": "Roubo de aparelho celular",
        "factor_types": [
          "Estacionamento irregular forçando pedestres à pista",
          "Pessoas em situação de rua",
          "Vegetação encobrindo iluminação pública",
          "Vegetação obstruindo a visibilidade do passeio"
        ],
        "factor_agencies": [
          "Comlurb",
          "SEOP",
          "SMAS"
        ],
        "justification": ""
      }
    },
    {
      "type": "Feature",
      "geometry": {
        "type": "Polygon",
        "coordinates": [
          [
            [
              -43.222466129943506,
              -22.920335930058528
            ],
            [
              -43.22187041681317,
              -22.919907243333316
            ],
            [
              -43.22200081474538,
              -22.919239292101196
            ],
            [
              -43.22272692433213,
              -22.91900002828707
            ],
            [
              -43.22332263682809,
              -22.919428716392304
            ],
            [
              -43.22319224037173,
              -22.920096666931617
            ],
            [
              -43.222466129943506,
              -22.920335930058528
            ]
          ]
        ]
      },
      "properties": {
        "h3": "8aa8a0616317fff",
        "crime_count": 5,
        "crime_score": 0.5038,
        "factor_count": 4,
        "factor_score": 0.3636,
        "signal_count": 2,
        "signal_score": 0.069,
        "bingo_count": 1,
        "is_bingo": false,
        "bingo_score": 0.36,
        "top_crime_type": "Roubo a transeunte",
        "factor_types": [
          "Estacionamento irregular forçando pedestres à pista",
          "Pessoas em situação de rua",
          "Vegetação encobrindo iluminação pública",
          "Vegetação obstruindo a visibilidade do passeio"
        ],
        "factor_agencies": [
          "Comlurb",
          "SEOP",
          "SMAS"
        ],
        "justification": "sinal 1/3: 5 ocorrências (predom. roubo a transeunte)"
      }
    },
    {
      "type": "Feature",
      "geometry": {
        "type": "Polygon",
        "coordinates": [
          [
            [
              -43.22332263682809,
              -22.919428716392304
            ],
            [
              -43.22272692433213,
              -22.91900002828707
            ],
            [
              -43.22285732109618,
              -22.91833206956833
            ],
            [
              -43.2235834288803,
              -22.918092799647752
            ],
            [
              -43.22417914074163,
              -22.91852148913301
            ],
            [
              -43.22404874545351,
              -22.91918944715877
            ],
            [
              -43.22332263682809,
              -22.919428716392304
            ]
          ]
        ]
      },
      "properties": {
        "h3": "8aa8a061631ffff",
        "crime_count": 21,
        "crime_score": 0.5573,
        "factor_count": 7,
        "factor_score": 0.6364,
        "signal_count": 0,
        "signal_score": 0.0,
        "bingo_count": 2,
        "is_bingo": true,
        "bingo_score": 0.4378,
        "top_crime_type": "Roubo a transeunte",
        "factor_types": [
          "Estacionamento irregular forçando pedestres à pista",
          "Pessoas em situação de rua",
          "Sem ocorrência",
          "Vegetação encobrindo iluminação pública",
          "Vegetação obstruindo a visibilidade do passeio",
          "Veículos de grande porte obstruindo a visibilidade",
          "Vãos ou cavidades usados como esconderijo"
        ],
        "factor_agencies": [
          "Comlurb",
          "SEOP",
          "SMAS",
          "Seconserva"
        ],
        "justification": "BINGO 2/3: 21 ocorrências (predom. roubo a transeunte) + Estacionamento irregular forçando pedestres à pista (+6) [Comlurb, SEOP, SMAS, Seconserva]"
      }
    },
    {
      "type": "Feature",
      "geometry": {
        "type": "Polygon",
        "coordinates": [
          [
            [
              -43.224253272662,
              -22.921621963023902
            ],
            [
              -43.223657557868044,
              -22.921193289903975
            ],
            [
              -43.223787954016714,
              -22.92052534754439
            ],
            [
              -43.22451406348334,
              -22.92028607899788
            ],
            [
              -43.22510977764236,
              -22.92071475349796
            ],
            [
              -43.22497938296973,
              -22.92138269516438
            ],
            [
              -43.224253272662,
              -22.921621963023902
            ]
          ]
        ]
      },
      "properties": {
        "h3": "8aa8a0616327fff",
        "crime_count": 4,
        "crime_score": 0.5878,
        "factor_count": 3,
        "factor_score": 0.2727,
        "signal_count": 19,
        "signal_score": 0.6552,
        "bingo_count": 2,
        "is_bingo": true,
        "bingo_score": 0.5259,
        "top_crime_type": "Roubo a transeunte",
        "factor_types": [
          "Pessoas em situação de rua",
          "Vegetação encobrindo iluminação pública",
          "Área mal iluminada com circulação de pedestres"
        ],
        "factor_agencies": [
          "Comlurb",
          "RioLuz",
          "SMAS"
        ],
        "justification": "BINGO 2/3: 4 ocorrências (predom. roubo a transeunte) + 19 denúncias relacionadas"
      }
    },
    {
      "type": "Feature",
      "geometry": {
        "type": "Polygon",
        "coordinates": [
          [
            [
              -43.22510977764236,
              -22.92071475349796
            ],
            [
              -43.22451406348334,
              -22.92028607899788
            ],
            [
              -43.22464445846372,
              -22.919618129151623
            ],
            [
              -43.22537056612704,
              -22.91937885449874
            ],
            [
              -43.22596627965086,
              -22.91980753037897
            ],
            [
              -43.225835886146584,
              -22.920475479531902
            ],
            [
              -43.22510977764236,
              -22.92071475349796
            ]
          ]
        ]
      },
      "properties": {
        "h3": "8aa8a061632ffff",
        "crime_count": 15,
        "crime_score": 0.3969,
        "factor_count": 0,
        "factor_score": 0.0,
        "signal_count": 7,
        "signal_score": 0.2414,
        "bingo_count": 1,
        "is_bingo": false,
        "bingo_score": 0.2588,
        "top_crime_type": "Roubo de aparelho celular",
        "factor_types": [],
        "factor_agencies": [],
        "justification": "sinal 1/3: 7 denúncias relacionadas"
      }
    },
    {
      "type": "Feature",
      "geometry": {
        "type": "Polygon",
        "coordinates": [
          [
            [
              -43.22293144659844,
              -22.9214325523437
            ],
            [
              -43.222335732318925,
              -22.92100387311101
            ],
            [
              -43.222466129943506,
              -22.920335930058528
            ],
            [
              -43.22319224037173,
              -22.920096666931617
            ],
            [
              -43.223787954016714,
              -22.92052534754439
            ],
            [
              -43.223657557868044,
              -22.921193289903975
            ],
            [
              -43.22293144659844,
              -22.9214325523437
            ]
          ]
        ]
      },
      "properties": {
        "h3": "8aa8a0616337fff",
        "crime_count": 9,
        "crime_score": 0.5802,
        "factor_count": 3,
        "factor_score": 0.2727,
        "signal_count": 9,
        "signal_score": 0.3103,
        "bingo_count": 2,
        "is_bingo": true,
        "bingo_score": 0.4358,
        "top_crime_type": "Roubo a transeunte",
        "factor_types": [
          "Pessoas em situação de rua",
          "Vegetação encobrindo iluminação pública",
          "Área mal iluminada com circulação de pedestres"
        ],
        "factor_agencies": [
          "Comlurb",
          "RioLuz",
          "SMAS"
        ],
        "justification": "BINGO 2/3: 9 ocorrências (predom. roubo a transeunte) + 9 denúncias relacionadas"
      }
    },
    {
      "type": "Feature",
      "geometry": {
        "type": "Polygon",
        "coordinates": [
          [
            [
              -43.22067899221699,
              -22.919049856278516
            ],
            [
              -43.22008328075141,
              -22.918621155949204
            ],
            [
              -43.22021368046692,
              -22.91795319584533
            ],
            [
              -43.22093979017237,
              -22.917713936763175
            ],
            [
              -43.22153550100413,
              -22.918142638472375
            ],
            [
              -43.221405102764294,
              -22.91881059788381
            ],
            [
              -43.22067899221699,
              -22.919049856278516
            ]
          ]
        ]
      },
      "properties": {
        "h3": "8aa8a0616387fff",
        "crime_count": 1,
        "crime_score": 0.4504,
        "factor_count": 5,
        "factor_score": 0.4545,
        "signal_count": 4,
        "signal_score": 0.1379,
        "bingo_count": 1,
        "is_bingo": false,
        "bingo_score": 0.3733,
        "top_crime_type": "Roubo a transeunte",
        "factor_types": [
          "Lixo/entulho forçando pedestres à pista",
          "Motocicletas trafegando no passeio",
          "Ponto de ônibus com histórico de vandalismo",
          "Vegetação encobrindo iluminação pública",
          "Vãos ou cavidades usados como esconderijo"
        ],
        "factor_agencies": [
          "Comlurb",
          "GM-Rio",
          "SMTR",
          "Seconserva"
        ],
        "justification": "sinal 1/3: 1 ocorrências (predom. roubo a transeunte)"
      }
    },
    {
      "type": "Feature",
      "geometry": {
        "type": "Polygon",
        "coordinates": [
          [
            [
              -43.22153550100413,
              -22.918142638472375
            ],
            [
              -43.22093979017237,
              -22.917713936763175
            ],
            [
              -43.22107018871982,
              -22.917045969172747
            ],
            [
              -43.22179629662334,
              -22.916806703984072
            ],
            [
              -43.222392006821025,
              -22.91723540707316
            ],
            [
              -43.22226160974932,
              -22.917903373970987
            ],
            [
              -43.22153550100413,
              -22.918142638472375
            ]
          ]
        ]
      },
      "properties": {
        "h3": "8aa8a061638ffff",
        "crime_count": 2,
        "crime_score": 0.2595,
        "factor_count": 5,
        "factor_score": 0.4545,
        "signal_count": 4,
        "signal_score": 0.1379,
        "bingo_count": 0,
        "is_bingo": false,
        "bingo_score": 0.2778,
        "top_crime_type": "Roubo de aparelho celular",
        "factor_types": [
          "Motocicletas trafegando no passeio",
          "Sem ocorrência",
          "Vegetação encobrindo iluminação pública",
          "Veículos de grande porte obstruindo a visibilidade",
          "Vãos ou cavidades usados como esconderijo"
        ],
        "factor_agencies": [
          "Comlurb",
          "GM-Rio",
          "SEOP",
          "Seconserva"
        ],
        "justification": ""
      }
    },
    {
      "type": "Feature",
      "geometry": {
        "type": "Polygon",
        "coordinates": [
          [
            [
              -43.219357169244326,
              -22.91886040892446
            ],
            [
              -43.21876145829489,
              -22.91843170248346
            ],
            [
              -43.218891859485915,
              -22.917763741687413
            ],
            [
              -43.219617970150885,
              -22.917524488024522
            ],
            [
              -43.22021368046692,
              -22.91795319584533
            ],
            [
              -43.22008328075141,
              -22.918621155949204
            ],
            [
              -43.219357169244326,
              -22.91886040892446
            ]
          ]
        ]
      },
      "properties": {
        "h3": "8aa8a0616397fff",
        "crime_count": 24,
        "crime_score": 0.7176,
        "factor_count": 8,
        "factor_score": 0.7273,
        "signal_count": 25,
        "signal_score": 0.8621,
        "bingo_count": 3,
        "is_bingo": true,
        "bingo_score": 1.1342,
        "top_crime_type": "Roubo de aparelho celular",
        "factor_types": [
          "Comércio irregular obstruindo a visibilidade do passeio",
          "Estacionamento irregular forçando pedestres à pista",
          "Lixo/entulho forçando pedestres à pista",
          "Mobiliário/estrutura servindo de esconderijo",
          "Motocicletas trafegando no passeio",
          "Ponto de ônibus com histórico de vandalismo",
          "Vegetação encobrindo iluminação pública",
          "Vãos ou cavidades usados como esconderijo"
        ],
        "factor_agencies": [
          "Comlurb",
          "GM-Rio",
          "SEOP",
          "SMTR",
          "Seconserva"
        ],
        "justification": "BINGO 3/3: 24 ocorrências (predom. roubo de celular) + Comércio irregular obstruindo a visibilidade do passeio (+7) [Comlurb, GM-Rio, SEOP, SMTR, Seconserva] + 25 denúncias relacionadas"
      }
    },
    {
      "type": "Feature",
      "geometry": {
        "type": "Polygon",
        "coordinates": [
          [
            [
              -43.22021368046692,
              -22.91795319584533
            ],
            [
              -43.219617970150885,
              -22.917524488024522
            ],
            [
              -43.21974837017394,
              -22.916856519741756
            ],
            [
              -43.22047447903746,
              -22.91661725997211
            ],
            [
              -43.22107018871982,
              -22.917045969172747
            ],
            [
              -43.22093979017237,
              -22.917713936763175
            ],
            [
              -43.22021368046692,
              -22.91795319584533
            ]
          ]
        ]
      },
      "properties": {
        "h3": "8aa8a061639ffff",
        "crime_count": 10,
        "crime_score": 0.4962,
        "factor_count": 8,
        "factor_score": 0.7273,
        "signal_count": 4,
        "signal_score": 0.1379,
        "bingo_count": 2,
        "is_bingo": true,
        "bingo_score": 0.4644,
        "top_crime_type": "Roubo a transeunte",
        "factor_types": [
          "Comércio irregular obstruindo a visibilidade do passeio",
          "Estacionamento irregular forçando pedestres à pista",
          "Lixo/entulho forçando pedestres à pista",
          "Mobiliário/estrutura servindo de esconderijo",
          "Motocicletas trafegando no passeio",
          "Ponto de ônibus com histórico de vandalismo",
          "Vegetação encobrindo iluminação pública",
          "Vãos ou cavidades usados como esconderijo"
        ],
        "factor_agencies": [
          "Comlurb",
          "GM-Rio",
          "SEOP",
          "SMTR",
          "Seconserva"
        ],
        "justification": "BINGO 2/3: 10 ocorrências (predom. roubo a transeunte) + Comércio irregular obstruindo a visibilidade do passeio (+7) [Comlurb, GM-Rio, SEOP, SMTR, Seconserva]"
      }
    },
    {
      "type": "Feature",
      "geometry": {
        "type": "Polygon",
        "coordinates": [
          [
            [
              -43.22114430542411,
              -22.92014650104061
            ],
            [
              -43.22054859280906,
              -22.91971780820316
            ],
            [
              -43.22067899221699,
              -22.919049856278516
            ],
            [
              -43.221405102764294,
              -22.91881059788381
            ],
            [
              -43.22200081474538,
              -22.919239292101196
            ],
            [
              -43.22187041681317,
              -22.919907243333316
            ],
            [
              -43.22114430542411,
              -22.92014650104061
            ]
          ]
        ]
      },
      "properties": {
        "h3": "8aa8a06163a7fff",
        "crime_count": 15,
        "crime_score": 0.374,
        "factor_count": 3,
        "factor_score": 0.2727,
        "signal_count": 1,
        "signal_score": 0.0345,
        "bingo_count": 0,
        "is_bingo": false,
        "bingo_score": 0.2638,
        "top_crime_type": "Roubo de aparelho celular",
        "factor_types": [
          "Calçada estreita forçando pedestres à pista",
          "Vegetação encobrindo iluminação pública",
          "Área mal iluminada com circulação de pedestres"
        ],
        "factor_agencies": [
          "Comlurb",
          "RioLuz",
          "Seconserva"
        ],
        "justification": ""
      }
    },
    {
      "type": "Feature",
      "geometry": {
        "type": "Polygon",
        "coordinates": [
          [
            [
              -43.22200081474538,
              -22.919239292101196
            ],
            [
              -43.221405102764294,
              -22.91881059788381
            ],
            [
              -43.22153550100413,
              -22.918142638472375
            ],
            [
              -43.22226160974932,
              -22.917903373970987
            ],
            [
              -43.22285732109618,
              -22.91833206956833
            ],
            [
              -43.22272692433213,
              -22.91900002828707
            ],
            [
              -43.22200081474538,
              -22.919239292101196
            ]
          ]
        ]
      },
      "properties": {
        "h3": "8aa8a06163affff",
        "crime_count": 0,
        "crime_score": 0.4656,
        "factor_count": 7,
        "factor_score": 0.6364,
        "signal_count": 0,
        "signal_score": 0.0,
        "bingo_count": 1,
        "is_bingo": false,
        "bingo_score": 0.3919,
        "top_crime_type": "",
        "factor_types": [
          "Estacionamento irregular forçando pedestres à pista",
          "Pessoas em situação de rua",
          "Sem ocorrência",
          "Vegetação encobrindo iluminação pública",
          "Vegetação obstruindo a visibilidade do passeio",
          "Veículos de grande porte obstruindo a visibilidade",
          "Vãos ou cavidades usados como esconderijo"
        ],
        "factor_agencies": [
          "Comlurb",
          "SEOP",
          "SMAS",
          "Seconserva"
        ],
        "justification": "sinal 1/3: Estacionamento irregular forçando pedestres à pista (+6) [Comlurb, SEOP, SMAS, Seconserva]"
      }
    },
    {
      "type": "Feature",
      "geometry": {
        "type": "Polygon",
        "coordinates": [
          [
            [
              -43.219822480459946,
              -22.9199570604908
            ],
            [
              -43.21922676836082,
              -22.919528361541367
            ],
            [
              -43.219357169244326,
              -22.91886040892446
            ],
            [
              -43.22008328075141,
              -22.918621155949204
            ],
            [
              -43.22067899221699,
              -22.919049856278516
            ],
            [
              -43.22054859280906,
              -22.91971780820316
            ],
            [
              -43.219822480459946,
              -22.9199570604908
            ]
          ]
        ]
      },
      "properties": {
        "h3": "8aa8a06163b7fff",
        "crime_count": 6,
        "crime_score": 0.5496,
        "factor_count": 5,
        "factor_score": 0.4545,
        "signal_count": 0,
        "signal_score": 0.0,
        "bingo_count": 1,
        "is_bingo": false,
        "bingo_score": 0.3884,
        "top_crime_type": "Roubo de aparelho celular",
        "factor_types": [
          "Calçada estreita forçando pedestres à pista",
          "Lixo/entulho forçando pedestres à pista",
          "Ponto de ônibus com histórico de vandalismo",
          "Vegetação encobrindo iluminação pública",
          "Área mal iluminada com circulação de pedestres"
        ],
        "factor_agencies": [
          "Comlurb",
          "RioLuz",
          "SMTR",
          "Seconserva"
        ],
        "justification": "sinal 1/3: 6 ocorrências (predom. roubo de celular)"
      }
    },
    {
      "type": "Feature",
      "geometry": {
        "type": "Polygon",
        "coordinates": [
          [
            [
              -43.212356822127994,
              -22.919916851746216
            ],
            [
              -43.211761111986796,
              -22.919488123619907
            ],
            [
              -43.21189152141362,
              -22.918820175033844
            ],
            [
              -43.21261763950687,
              -22.918580955264805
            ],
            [
              -43.21321334901684,
              -22.919009684770675
            ],
            [
              -43.21308294106482,
              -22.919677632665962
            ],
            [
              -43.212356822127994,
              -22.919916851746216
            ]
          ]
        ]
      },
      "properties": {
        "h3": "8aa8a061644ffff",
        "crime_count": 1,
        "crime_score": 0.145,
        "factor_count": 0,
        "factor_score": 0.0,
        "signal_count": 6,
        "signal_score": 0.2069,
        "bingo_count": 1,
        "is_bingo": false,
        "bingo_score": 0.1242,
        "top_crime_type": "Roubo a transeunte",
        "factor_types": [],
        "factor_agencies": [],
        "justification": "sinal 1/3: 6 denúncias relacionadas"
      }
    },
    {
      "type": "Feature",
      "geometry": {
        "type": "Polygon",
        "coordinates": [
          [
            [
              -43.21103499209504,
              -22.919727337280065
            ],
            [
              -43.210439282473985,
              -22.919298603043107
            ],
            [
              -43.21056969337546,
              -22.918630653766527
            ],
            [
              -43.211295812423366,
              -22.918391439417395
            ],
            [
              -43.21189152141362,
              -22.918820175033844
            ],
            [
              -43.211761111986796,
              -22.919488123619907
            ],
            [
              -43.21103499209504,
              -22.919727337280065
            ]
          ]
        ]
      },
      "properties": {
        "h3": "8aa8a061645ffff",
        "crime_count": 0,
        "crime_score": 0.0763,
        "factor_count": 0,
        "factor_score": 0.0,
        "signal_count": 3,
        "signal_score": 0.1034,
        "bingo_count": 0,
        "is_bingo": false,
        "bingo_score": 0.064,
        "top_crime_type": "",
        "factor_types": [],
        "factor_agencies": [],
        "justification": ""
      }
    },
    {
      "type": "Feature",
      "geometry": {
        "type": "Polygon",
        "coordinates": [
          [
            [
              -43.21282212430048,
              -22.921013512788903
            ],
            [
              -43.21222641300841,
              -22.920584792153097
            ],
            [
              -43.212356822127994,
              -22.919916851746216
            ],
            [
              -43.21308294106482,
              -22.919677632665962
            ],
            [
              -43.21367865172553,
              -22.92010635468139
            ],
            [
              -43.213548244080805,
              -22.9207742943974
            ],
            [
              -43.21282212430048,
              -22.921013512788903
            ]
          ]
        ]
      },
      "properties": {
        "h3": "8aa8a061646ffff",
        "crime_count": 0,
        "crime_score": 0.0305,
        "factor_count": 0,
        "factor_score": 0.0,
        "signal_count": 2,
        "signal_score": 0.069,
        "bingo_count": 0,
        "is_bingo": false,
        "bingo_score": 0.0325,
        "top_crime_type": "",
        "factor_types": [],
        "factor_agencies": [],
        "justification": ""
      }
    },
    {
      "type": "Feature",
      "geometry": {
        "type": "Polygon",
        "coordinates": [
          [
            [
              -43.21446109157168,
              -22.916098606716
            ],
            [
              -43.21386538447543,
              -22.915669866961075
            ],
            [
              -43.21399579070686,
              -22.915001887733446
            ],
            [
              -43.214721902559546,
              -22.914762648951893
            ],
            [
              -43.21531760902392,
              -22.91519139008632
            ],
            [
              -43.21518720426751,
              -22.91585936862277
            ],
            [
              -43.21446109157168,
              -22.916098606716
            ]
          ]
        ]
      },
      "properties": {
        "h3": "8aa8a0616607fff",
        "crime_count": 1,
        "crime_score": 0.0534,
        "factor_count": 0,
        "factor_score": 0.0,
        "signal_count": 1,
        "signal_score": 0.0345,
        "bingo_count": 0,
        "is_bingo": false,
        "bingo_score": 0.0353,
        "top_crime_type": "Roubo de aparelho celular",
        "factor_types": [],
        "factor_agencies": [],
        "justification": ""
      }
    },
    {
      "type": "Feature",
      "geometry": {
        "type": "Polygon",
        "coordinates": [
          [
            [
              -43.21531760902392,
              -22.91519139008632
            ],
            [
              -43.214721902559546,
              -22.914762648951893
            ],
            [
              -43.214852307623325,
              -22.914094662237495
            ],
            [
              -43.21557841767642,
              -22.91385541734883
            ],
            [
              -43.21617412350865,
              -22.914284159862756
            ],
            [
              -43.216043719919966,
              -22.914952145885813
            ],
            [
              -43.21531760902392,
              -22.91519139008632
            ]
          ]
        ]
      },
      "properties": {
        "h3": "8aa8a061660ffff",
        "crime_count": 1,
        "crime_score": 0.1298,
        "factor_count": 0,
        "factor_score": 0.0,
        "signal_count": 1,
        "signal_score": 0.0345,
        "bingo_count": 0,
        "is_bingo": false,
        "bingo_score": 0.0735,
        "top_crime_type": "Roubo a transeunte",
        "factor_types": [],
        "factor_agencies": [],
        "justification": ""
      }
    },
    {
      "type": "Feature",
      "geometry": {
        "type": "Polygon",
        "coordinates": [
          [
            [
              -43.21313927082347,
              -22.915909099635126
            ],
            [
              -43.21254356424635,
              -22.915480353770043
            ],
            [
              -43.21267397195264,
              -22.91481237385151
            ],
            [
              -43.21340008476119,
              -22.91457314048894
            ],
            [
              -43.21399579070686,
              -22.915001887733446
            ],
            [
              -43.21386538447543,
              -22.915669866961075
            ],
            [
              -43.21313927082347,
              -22.915909099635126
            ]
          ]
        ]
      },
      "properties": {
        "h3": "8aa8a0616617fff",
        "crime_count": 0,
        "crime_score": 0.1527,
        "factor_count": 0,
        "factor_score": 0.0,
        "signal_count": 3,
        "signal_score": 0.1034,
        "bingo_count": 0,
        "is_bingo": false,
        "bingo_score": 0.1022,
        "top_crime_type": "",
        "factor_types": [],
        "factor_agencies": [],
        "justification": ""
      }
    },
    {
      "type": "Feature",
      "geometry": {
        "type": "Polygon",
        "coordinates": [
          [
            [
              -43.21399579070686,
              -22.915001887733446
            ],
            [
              -43.21340008476119,
              -22.91457314048894
            ],
            [
              -43.21353049129991,
              -22.913905153083448
            ],
            [
              -43.214256602309376,
              -22.913665913613546
            ],
            [
              -43.214852307623325,
              -22.914094662237495
            ],
            [
              -43.214721902559546,
              -22.914762648951893
            ],
            [
              -43.21399579070686,
              -22.915001887733446
            ]
          ]
        ]
      },
      "properties": {
        "h3": "8aa8a061661ffff",
        "crime_count": 2,
        "crime_score": 0.1069,
        "factor_count": 0,
        "factor_score": 0.0,
        "signal_count": 3,
        "signal_score": 0.1034,
        "bingo_count": 0,
        "is_bingo": false,
        "bingo_score": 0.0793,
        "top_crime_type": "Roubo de aparelho celular",
        "factor_types": [],
        "factor_agencies": [],
        "justification": ""
      }
    },
    {
      "type": "Feature",
      "geometry": {
        "type": "Polygon",
        "coordinates": [
          [
            [
              -43.21492639389433,
              -22.917195310030426
            ],
            [
              -43.21433068564759,
              -22.91676657776545
            ],
            [
              -43.21446109157168,
              -22.916098606716
            ],
            [
              -43.21518720426751,
              -22.91585936862277
            ],
            [
              -43.21578291188224,
              -22.916288102267306
            ],
            [
              -43.2156525074332,
              -22.916956072625474
            ],
            [
              -43.21492639389433,
              -22.917195310030426
            ]
          ]
        ]
      },
      "properties": {
        "h3": "8aa8a0616627fff",
        "crime_count": 0,
        "crime_score": 0.2519,
        "factor_count": 2,
        "factor_score": 0.1818,
        "signal_count": 1,
        "signal_score": 0.0345,
        "bingo_count": 0,
        "is_bingo": false,
        "bingo_score": 0.18,
        "top_crime_type": "",
        "factor_types": [
          "Calçada estreita forçando pedestres à pista",
          "Lixo/entulho forçando pedestres à pista"
        ],
        "factor_agencies": [
          "Comlurb",
          "Seconserva"
        ],
        "justification": ""
      }
    },
    {
      "type": "Feature",
      "geometry": {
        "type": "Polygon",
        "coordinates": [
          [
            [
              -43.21578291188224,
              -22.916288102267306
            ],
            [
              -43.21518720426751,
              -22.91585936862277
            ],
            [
              -43.21531760902392,
              -22.91519139008632
            ],
            [
              -43.216043719919966,
              -22.914952145885813
            ],
            [
              -43.216639426902425,
              -22.915380880909918
            ],
            [
              -43.21650902362115,
              -22.91604885875492
            ],
            [
              -43.21578291188224,
              -22.916288102267306
            ]
          ]
        ]
      },
      "properties": {
        "h3": "8aa8a061662ffff",
        "crime_count": 0,
        "crime_score": 0.2519,
        "factor_count": 6,
        "factor_score": 0.5455,
        "signal_count": 1,
        "signal_score": 0.0345,
        "bingo_count": 1,
        "is_bingo": false,
        "bingo_score": 0.271,
        "top_crime_type": "",
        "factor_types": [
          "Lixo/entulho forçando pedestres à pista",
          "Ponto de ônibus com histórico de vandalismo",
          "Sem ocorrência",
          "Tapumes servindo de esconderijo",
          "Vegetação encobrindo iluminação pública",
          "Vegetação obstruindo a visibilidade do passeio"
        ],
        "factor_agencies": [
          "Comlurb",
          "SMTR",
          "Seconserva"
        ],
        "justification": "sinal 1/3: Lixo/entulho forçando pedestres à pista (+5) [Comlurb, SMTR, Seconserva]"
      }
    },
    {
      "type": "Feature",
      "geometry": {
        "type": "Polygon",
        "coordinates": [
          [
            [
              -43.21360457115231,
              -22.91700580975102
            ],
            [
              -43.21300886342447,
              -22.916577071375578
            ],
            [
              -43.21313927082347,
              -22.915909099635126
            ],
            [
              -43.21386538447543,
              -22.915669866961075
            ],
            [
              -43.21446109157168,
              -22.916098606716
            ],
            [
              -43.21433068564759,
              -22.91676657776545
            ],
            [
              -43.21360457115231,
              -22.91700580975102
            ]
          ]
        ]
      },
      "properties": {
        "h3": "8aa8a0616637fff",
        "crime_count": 2,
        "crime_score": 0.1908,
        "factor_count": 0,
        "factor_score": 0.0,
        "signal_count": 4,
        "signal_score": 0.1379,
        "bingo_count": 0,
        "is_bingo": false,
        "bingo_score": 0.1299,
        "top_crime_type": "Roubo a transeunte",
        "factor_types": [],
        "factor_agencies": [],
        "justification": ""
      }
    },
    {
      "type": "Feature",
      "geometry": {
        "type": "Polygon",
        "coordinates": [
          [
            [
              -43.21749593895452,
              -22.914473645959035
            ],
            [
              -43.216900232604615,
              -22.91404490955538
            ],
            [
              -43.217030635025516,
              -22.913376916046104
            ],
            [
              -43.217756742321065,
              -22.913137659632245
            ],
            [
              -43.218352448038175,
              -22.913566397415472
            ],
            [
              -43.21822204709257,
              -22.914234390232966
            ],
            [
              -43.21749593895452,
              -22.914473645959035
            ]
          ]
        ]
      },
      "properties": {
        "h3": "8aa8a0616647fff",
        "crime_count": 0,
        "crime_score": 0.0916,
        "factor_count": 0,
        "factor_score": 0.0,
        "signal_count": 2,
        "signal_score": 0.069,
        "bingo_count": 0,
        "is_bingo": false,
        "bingo_score": 0.063,
        "top_crime_type": "",
        "factor_types": [],
        "factor_agencies": [],
        "justification": ""
      }
    },
    {
      "type": "Feature",
      "geometry": {
        "type": "Polygon",
        "coordinates": [
          [
            [
              -43.21617412350865,
              -22.914284159862756
            ],
            [
              -43.21557841767642,
              -22.91385541734883
            ],
            [
              -43.21570882157249,
              -22.913187423148052
            ],
            [
              -43.21643492982567,
              -22.912948172152678
            ],
            [
              -43.217030635025516,
              -22.913376916046104
            ],
            [
              -43.216900232604615,
              -22.91404490955538
            ],
            [
              -43.21617412350865,
              -22.914284159862756
            ]
          ]
        ]
      },
      "properties": {
        "h3": "8aa8a0616657fff",
        "crime_count": 1,
        "crime_score": 0.1145,
        "factor_count": 0,
        "factor_score": 0.0,
        "signal_count": 2,
        "signal_score": 0.069,
        "bingo_count": 0,
        "is_bingo": false,
        "bingo_score": 0.0745,
        "top_crime_type": "Roubo de aparelho celular",
        "factor_types": [],
        "factor_agencies": [],
        "justification": ""
      }
    },
    {
      "type": "Feature",
      "geometry": {
        "type": "Polygon",
        "coordinates": [
          [
            [
              -43.21796124434096,
              -22.91557036020403
            ],
            [
              -43.217365536841065,
              -22.915141631290485
            ],
            [
              -43.21749593895452,
              -22.914473645959035
            ],
            [
              -43.21822204709257,
              -22.914234390232966
            ],
            [
              -43.21881775395951,
              -22.914663120526143
            ],
            [
              -43.2186873533214,
              -22.915331105165716
            ],
            [
              -43.21796124434096,
              -22.91557036020403
            ]
          ]
        ]
      },
      "properties": {
        "h3": "8aa8a0616667fff",
        "crime_count": 0,
        "crime_score": 0.4275,
        "factor_count": 5,
        "factor_score": 0.4545,
        "signal_count": 1,
        "signal_score": 0.0345,
        "bingo_count": 0,
        "is_bingo": false,
        "bingo_score": 0.336,
        "top_crime_type": "",
        "factor_types": [
          "Ponto de ônibus com histórico de vandalismo",
          "Sem ocorrência",
          "Tapumes servindo de esconderijo",
          "Vegetação encobrindo iluminação pública",
          "Vegetação obstruindo a visibilidade do passeio"
        ],
        "factor_agencies": [
          "Comlurb",
          "SMTR",
          "Seconserva"
        ],
        "justification": ""
      }
    },
    {
      "type": "Feature",
      "geometry": {
        "type": "Polygon",
        "coordinates": [
          [
            [
              -43.216639426902425,
              -22.915380880909918
            ],
            [
              -43.216043719919966,
              -22.914952145885813
            ],
            [
              -43.21617412350865,
              -22.914284159862756
            ],
            [
              -43.216900232604615,
              -22.91404490955538
            ],
            [
              -43.21749593895452,
              -22.914473645959035
            ],
            [
              -43.217365536841065,
              -22.915141631290485
            ],
            [
              -43.216639426902425,
              -22.915380880909918
            ]
          ]
        ]
      },
      "properties": {
        "h3": "8aa8a0616677fff",
        "crime_count": 11,
        "crime_score": 0.2824,
        "factor_count": 5,
        "factor_score": 0.4545,
        "signal_count": 2,
        "signal_score": 0.069,
        "bingo_count": 0,
        "is_bingo": false,
        "bingo_score": 0.2721,
        "top_crime_type": "Roubo a transeunte",
        "factor_types": [
          "Ponto de ônibus com histórico de vandalismo",
          "Sem ocorrência",
          "Tapumes servindo de esconderijo",
          "Vegetação encobrindo iluminação pública",
          "Vegetação obstruindo a visibilidade do passeio"
        ],
        "factor_agencies": [
          "Comlurb",
          "SMTR",
          "Seconserva"
        ],
        "justification": ""
      }
    },
    {
      "type": "Feature",
      "geometry": {
        "type": "Polygon",
        "coordinates": [
          [
            [
              -43.211352152762665,
              -22.914622848440683
            ],
            [
              -43.21075644785634,
              -22.914194088976682
            ],
            [
              -43.21088685734453,
              -22.913526100189845
            ],
            [
              -43.21161297026442,
              -22.913286871557535
            ],
            [
              -43.212208674539845,
              -22.913715632400844
            ],
            [
              -43.212078266526326,
              -22.914383620497127
            ],
            [
              -43.211352152762665,
              -22.914622848440683
            ]
          ]
        ]
      },
      "properties": {
        "h3": "8aa8a0616687fff",
        "crime_count": 3,
        "crime_score": 0.1832,
        "factor_count": 0,
        "factor_score": 0.0,
        "signal_count": 14,
        "signal_score": 0.4828,
        "bingo_count": 1,
        "is_bingo": false,
        "bingo_score": 0.2123,
        "top_crime_type": "Roubo de aparelho celular",
        "factor_types": [],
        "factor_agencies": [],
        "justification": "sinal 1/3: 14 denúncias relacionadas"
      }
    },
    {
      "type": "Feature",
      "geometry": {
        "type": "Polygon",
        "coordinates": [
          [
            [
              -43.212208674539845,
              -22.913715632400844
            ],
            [
              -43.21161297026442,
              -22.913286871557535
            ],
            [
              -43.21174337858516,
              -22.912618875283822
            ],
            [
              -43.212469489706635,
              -22.912379640544092
            ],
            [
              -43.21306519335091,
              -22.912808402766707
            ],
            [
              -43.2129347865049,
              -22.913476398349715
            ],
            [
              -43.212208674539845,
              -22.913715632400844
            ]
          ]
        ]
      },
      "properties": {
        "h3": "8aa8a061668ffff",
        "crime_count": 5,
        "crime_score": 0.229,
        "factor_count": 0,
        "factor_score": 0.0,
        "signal_count": 9,
        "signal_score": 0.3103,
        "bingo_count": 1,
        "is_bingo": false,
        "bingo_score": 0.1921,
        "top_crime_type": "Roubo a transeunte",
        "factor_types": [],
        "factor_agencies": [],
        "justification": "sinal 1/3: 9 denúncias relacionadas"
      }
    },
    {
      "type": "Feature",
      "geometry": {
        "type": "Polygon",
        "coordinates": [
          [
            [
              -43.21088685734453,
              -22.913526100189845
            ],
            [
              -43.2102911535893,
              -22.913097333237214
            ],
            [
              -43.21042156338468,
              -22.912429336273053
            ],
            [
              -43.21114767546069,
              -22.912190106951943
            ],
            [
              -43.21174337858516,
              -22.912618875283822
            ],
            [
              -43.21161297026442,
              -22.913286871557535
            ],
            [
              -43.21088685734453,
              -22.913526100189845
            ]
          ]
        ]
      },
      "properties": {
        "h3": "8aa8a061669ffff",
        "crime_count": 5,
        "crime_score": 0.1679,
        "factor_count": 0,
        "factor_score": 0.0,
        "signal_count": 6,
        "signal_score": 0.2069,
        "bingo_count": 1,
        "is_bingo": false,
        "bingo_score": 0.1357,
        "top_crime_type": "Roubo a transeunte",
        "factor_types": [],
        "factor_agencies": [],
        "justification": "sinal 1/3: 6 denúncias relacionadas"
      }
    },
    {
      "type": "Feature",
      "geometry": {
        "type": "Polygon",
        "coordinates": [
          [
            [
              -43.211817449639014,
              -22.91571958102487
            ],
            [
              -43.21122174358167,
              -22.915290829049862
            ],
            [
              -43.211352152762665,
              -22.914622848440683
            ],
            [
              -43.212078266526326,
              -22.914383620497127
            ],
            [
              -43.21267397195264,
              -22.91481237385151
            ],
            [
              -43.21254356424635,
              -22.915480353770043
            ],
            [
              -43.211817449639014,
              -22.91571958102487
            ]
          ]
        ]
      },
      "properties": {
        "h3": "8aa8a06166a7fff",
        "crime_count": 0,
        "crime_score": 0.2061,
        "factor_count": 0,
        "factor_score": 0.0,
        "signal_count": 15,
        "signal_score": 0.5172,
        "bingo_count": 1,
        "is_bingo": false,
        "bingo_score": 0.2324,
        "top_crime_type": "",
        "factor_types": [],
        "factor_agencies": [],
        "justification": "sinal 1/3: 15 denúncias relacionadas"
      }
    },
    {
      "type": "Feature",
      "geometry": {
        "type": "Polygon",
        "coordinates": [
          [
            [
              -43.21267397195264,
              -22.91481237385151
            ],
            [
              -43.212078266526326,
              -22.914383620497127
            ],
            [
              -43.212208674539845,
              -22.913715632400844
            ],
            [
              -43.2129347865049,
              -22.913476398349715
            ],
            [
              -43.21353049129991,
              -22.913905153083448
            ],
            [
              -43.21340008476119,
              -22.91457314048894
            ],
            [
              -43.21267397195264,
              -22.91481237385151
            ]
          ]
        ]
      },
      "properties": {
        "h3": "8aa8a06166affff",
        "crime_count": 4,
        "crime_score": 0.1679,
        "factor_count": 0,
        "factor_score": 0.0,
        "signal_count": 6,
        "signal_score": 0.2069,
        "bingo_count": 1,
        "is_bingo": false,
        "bingo_score": 0.1357,
        "top_crime_type": "Roubo a transeunte",
        "factor_types": [],
        "factor_agencies": [],
        "justification": "sinal 1/3: 6 denúncias relacionadas"
      }
    },
    {
      "type": "Feature",
      "geometry": {
        "type": "Polygon",
        "coordinates": [
          [
            [
              -43.21049562801973,
              -22.915530050885447
            ],
            [
              -43.20989992248277,
              -22.915101292800745
            ],
            [
              -43.210030333138356,
              -22.914433311501192
            ],
            [
              -43.21075644785634,
              -22.914194088976682
            ],
            [
              -43.211352152762665,
              -22.914622848440683
            ],
            [
              -43.21122174358167,
              -22.915290829049862
            ],
            [
              -43.21049562801973,
              -22.915530050885447
            ]
          ]
        ]
      },
      "properties": {
        "h3": "8aa8a06166b7fff",
        "crime_count": 4,
        "crime_score": 0.1221,
        "factor_count": 0,
        "factor_score": 0.0,
        "signal_count": 12,
        "signal_score": 0.4138,
        "bingo_count": 1,
        "is_bingo": false,
        "bingo_score": 0.1645,
        "top_crime_type": "Roubo de aparelho celular",
        "factor_types": [],
        "factor_agencies": [],
        "justification": "sinal 1/3: 12 denúncias relacionadas"
      }
    },
    {
      "type": "Feature",
      "geometry": {
        "type": "Polygon",
        "coordinates": [
          [
            [
              -43.21438700768048,
              -22.912997918721523
            ],
            [
              -43.21379130351705,
              -22.912569162608403
            ],
            [
              -43.21392170919547,
              -22.911901159539084
            ],
            [
              -43.21464781756238,
              -22.911661913273992
            ],
            [
              -43.21524352109398,
              -22.912090670766492
            ],
            [
              -43.21511311689053,
              -22.912758673144666
            ],
            [
              -43.21438700768048,
              -22.912997918721523
            ]
          ]
        ]
      },
      "properties": {
        "h3": "8aa8a06166c7fff",
        "crime_count": 1,
        "crime_score": 0.0534,
        "factor_count": 0,
        "factor_score": 0.0,
        "signal_count": 3,
        "signal_score": 0.1034,
        "bingo_count": 0,
        "is_bingo": false,
        "bingo_score": 0.0526,
        "top_crime_type": "Roubo a transeunte",
        "factor_types": [],
        "factor_agencies": [],
        "justification": ""
      }
    },
    {
      "type": "Feature",
      "geometry": {
        "type": "Polygon",
        "coordinates": [
          [
            [
              -43.214852307623325,
              -22.914094662237495
            ],
            [
              -43.214256602309376,
              -22.913665913613546
            ],
            [
              -43.21438700768048,
              -22.912997918721523
            ],
            [
              -43.21511311689053,
              -22.912758673144666
            ],
            [
              -43.21570882157249,
              -22.913187423148052
            ],
            [
              -43.21557841767642,
              -22.91385541734883
            ],
            [
              -43.214852307623325,
              -22.914094662237495
            ]
          ]
        ]
      },
      "properties": {
        "h3": "8aa8a06166e7fff",
        "crime_count": 0,
        "crime_score": 0.0763,
        "factor_count": 0,
        "factor_score": 0.0,
        "signal_count": 4,
        "signal_score": 0.1379,
        "bingo_count": 0,
        "is_bingo": false,
        "bingo_score": 0.0726,
        "top_crime_type": "",
        "factor_types": [],
        "factor_agencies": [],
        "justification": ""
      }
    },
    {
      "type": "Feature",
      "geometry": {
        "type": "Polygon",
        "coordinates": [
          [
            [
              -43.21570882157249,
              -22.913187423148052
            ],
            [
              -43.21511311689053,
              -22.912758673144666
            ],
            [
              -43.21524352109398,
              -22.912090670766492
            ],
            [
              -43.215969628504304,
              -22.911851419083085
            ],
            [
              -43.216565332554005,
              -22.912280170465916
            ],
            [
              -43.21643492982567,
              -22.912948172152678
            ],
            [
              -43.21570882157249,
              -22.913187423148052
            ]
          ]
        ]
      },
      "properties": {
        "h3": "8aa8a06166effff",
        "crime_count": 1,
        "crime_score": 0.0305,
        "factor_count": 0,
        "factor_score": 0.0,
        "signal_count": 4,
        "signal_score": 0.1379,
        "bingo_count": 0,
        "is_bingo": false,
        "bingo_score": 0.0497,
        "top_crime_type": "Roubo de aparelho celular",
        "factor_types": [],
        "factor_agencies": [],
        "justification": ""
      }
    },
    {
      "type": "Feature",
      "geometry": {
        "type": "Polygon",
        "coordinates": [
          [
            [
              -43.21353049129991,
              -22.913905153083448
            ],
            [
              -43.2129347865049,
              -22.913476398349715
            ],
            [
              -43.21306519335091,
              -22.912808402766707
            ],
            [
              -43.21379130351705,
              -22.912569162608403
            ],
            [
              -43.21438700768048,
              -22.912997918721523
            ],
            [
              -43.214256602309376,
              -22.913665913613546
            ],
            [
              -43.21353049129991,
              -22.913905153083448
            ]
          ]
        ]
      },
      "properties": {
        "h3": "8aa8a06166f7fff",
        "crime_count": 4,
        "crime_score": 0.1527,
        "factor_count": 0,
        "factor_score": 0.0,
        "signal_count": 7,
        "signal_score": 0.2414,
        "bingo_count": 1,
        "is_bingo": false,
        "bingo_score": 0.1367,
        "top_crime_type": "Roubo a transeunte",
        "factor_types": [],
        "factor_agencies": [],
        "justification": "sinal 1/3: 7 denúncias relacionadas"
      }
    },
    {
      "type": "Feature",
      "geometry": {
        "type": "Polygon",
        "coordinates": [
          [
            [
              -43.21453517618375,
              -22.919199182976833
            ],
            [
              -43.21393946615467,
              -22.9187704595818
            ],
            [
              -43.214069872939085,
              -22.918102504198473
            ],
            [
              -43.21479598827758,
              -22.91786327290137
            ],
            [
              -43.21539169767477,
              -22.918291997676036
            ],
            [
              -43.215261292365376,
              -22.91895995236816
            ],
            [
              -43.21453517618375,
              -22.919199182976833
            ]
          ]
        ]
      },
      "properties": {
        "h3": "8aa8a0616707fff",
        "crime_count": 3,
        "crime_score": 0.3206,
        "factor_count": 1,
        "factor_score": 0.0909,
        "signal_count": 1,
        "signal_score": 0.0345,
        "bingo_count": 0,
        "is_bingo": false,
        "bingo_score": 0.1916,
        "top_crime_type": "Roubo de aparelho celular",
        "factor_types": [
          "Calçada estreita forçando pedestres à pista"
        ],
        "factor_agencies": [
          "Seconserva"
        ],
        "justification": ""
      }
    },
    {
      "type": "Feature",
      "geometry": {
        "type": "Polygon",
        "coordinates": [
          [
            [
              -43.21539169767477,
              -22.918291997676036
            ],
            [
              -43.21479598827758,
              -22.91786327290137
            ],
            [
              -43.21492639389433,
              -22.917195310030426
            ],
            [
              -43.2156525074332,
              -22.916956072625474
            ],
            [
              -43.216248216198224,
              -22.91738479877977
            ],
            [
              -43.216117812056574,
              -22.918052760959334
            ],
            [
              -43.21539169767477,
              -22.918291997676036
            ]
          ]
        ]
      },
      "properties": {
        "h3": "8aa8a061670ffff",
        "crime_count": 15,
        "crime_score": 0.4198,
        "factor_count": 2,
        "factor_score": 0.1818,
        "signal_count": 1,
        "signal_score": 0.0345,
        "bingo_count": 1,
        "is_bingo": false,
        "bingo_score": 0.264,
        "top_crime_type": "Roubo a transeunte",
        "factor_types": [
          "Calçada estreita forçando pedestres à pista",
          "Lixo/entulho forçando pedestres à pista"
        ],
        "factor_agencies": [
          "Comlurb",
          "Seconserva"
        ],
        "justification": "sinal 1/3: 15 ocorrências (predom. roubo a transeunte)"
      }
    },
    {
      "type": "Feature",
      "geometry": {
        "type": "Polygon",
        "coordinates": [
          [
            [
              -43.21321334901684,
              -22.919009684770675
            ],
            [
              -43.21261763950687,
              -22.918580955264805
            ],
            [
              -43.21274804776616,
              -22.917912999190555
            ],
            [
              -43.213474164060585,
              -22.917673773313062
            ],
            [
              -43.214069872939085,
              -22.918102504198473
            ],
            [
              -43.21393946615467,
              -22.9187704595818
            ],
            [
              -43.21321334901684,
              -22.919009684770675
            ]
          ]
        ]
      },
      "properties": {
        "h3": "8aa8a0616717fff",
        "crime_count": 5,
        "crime_score": 0.2672,
        "factor_count": 0,
        "factor_score": 0.0,
        "signal_count": 6,
        "signal_score": 0.2069,
        "bingo_count": 1,
        "is_bingo": false,
        "bingo_score": 0.1853,
        "top_crime_type": "Roubo a transeunte",
        "factor_types": [],
        "factor_agencies": [],
        "justification": "sinal 1/3: 6 denúncias relacionadas"
      }
    },
    {
      "type": "Feature",
      "geometry": {
        "type": "Polygon",
        "coordinates": [
          [
            [
              -43.214069872939085,
              -22.918102504198473
            ],
            [
              -43.213474164060585,
              -22.917673773313062
            ],
            [
              -43.21360457115231,
              -22.91700580975102
            ],
            [
              -43.21433068564759,
              -22.91676657776545
            ],
            [
              -43.21492639389433,
              -22.917195310030426
            ],
            [
              -43.21479598827758,
              -22.91786327290137
            ],
            [
              -43.214069872939085,
              -22.918102504198473
            ]
          ]
        ]
      },
      "properties": {
        "h3": "8aa8a061671ffff",
        "crime_count": 8,
        "crime_score": 0.3206,
        "factor_count": 1,
        "factor_score": 0.0909,
        "signal_count": 5,
        "signal_score": 0.1724,
        "bingo_count": 0,
        "is_bingo": false,
        "bingo_score": 0.2261,
        "top_crime_type": "Roubo de aparelho celular",
        "factor_types": [
          "Calçada estreita forçando pedestres à pista"
        ],
        "factor_agencies": [
          "Seconserva"
        ],
        "justification": ""
      }
    },
    {
      "type": "Feature",
      "geometry": {
        "type": "Polygon",
        "coordinates": [
          [
            [
              -43.215000480886246,
              -22.92029584608541
            ],
            [
              -43.21440476970667,
              -22.9198671301811
            ],
            [
              -43.21453517618375,
              -22.919199182976833
            ],
            [
              -43.215261292365376,
              -22.91895995236816
            ],
            [
              -43.21585700291292,
              -22.919388669652136
            ],
            [
              -43.21572659791091,
              -22.920056616165102
            ],
            [
              -43.215000480886246,
              -22.92029584608541
            ]
          ]
        ]
      },
      "properties": {
        "h3": "8aa8a0616727fff",
        "crime_count": 5,
        "crime_score": 0.2366,
        "factor_count": 2,
        "factor_score": 0.1818,
        "signal_count": 6,
        "signal_score": 0.2069,
        "bingo_count": 1,
        "is_bingo": false,
        "bingo_score": 0.2155,
        "top_crime_type": "Roubo a transeunte",
        "factor_types": [
          "Motocicletas trafegando no passeio",
          "Veículos de grande porte obstruindo a visibilidade"
        ],
        "factor_agencies": [
          "GM-Rio",
          "SEOP"
        ],
        "justification": "sinal 1/3: 6 denúncias relacionadas"
      }
    },
    {
      "type": "Feature",
      "geometry": {
        "type": "Polygon",
        "coordinates": [
          [
            [
              -43.21585700291292,
              -22.919388669652136
            ],
            [
              -43.215261292365376,
              -22.91895995236816
            ],
            [
              -43.21539169767477,
              -22.918291997676036
            ],
            [
              -43.216117812056574,
              -22.918052760959334
            ],
            [
              -43.216713521971805,
              -22.91848147962302
            ],
            [
              -43.21658311813758,
              -22.919149433623662
            ],
            [
              -43.21585700291292,
              -22.919388669652136
            ]
          ]
        ]
      },
      "properties": {
        "h3": "8aa8a061672ffff",
        "crime_count": 0,
        "crime_score": 0.3969,
        "factor_count": 5,
        "factor_score": 0.4545,
        "signal_count": 5,
        "signal_score": 0.1724,
        "bingo_count": 0,
        "is_bingo": false,
        "bingo_score": 0.3552,
        "top_crime_type": "",
        "factor_types": [
          "Calçada estreita forçando pedestres à pista",
          "Motocicletas trafegando no passeio",
          "Pessoas em situação de rua",
          "Vegetação encobrindo iluminação pública",
          "Veículos de grande porte obstruindo a visibilidade"
        ],
        "factor_agencies": [
          "Comlurb",
          "GM-Rio",
          "SEOP",
          "SMAS",
          "Seconserva"
        ],
        "justification": ""
      }
    },
    {
      "type": "Feature",
      "geometry": {
        "type": "Polygon",
        "coordinates": [
          [
            [
              -43.21367865172553,
              -22.92010635468139
            ],
            [
              -43.21308294106482,
              -22.919677632665962
            ],
            [
              -43.21321334901684,
              -22.919009684770675
            ],
            [
              -43.21393946615467,
              -22.9187704595818
            ],
            [
              -43.21453517618375,
              -22.919199182976833
            ],
            [
              -43.21440476970667,
              -22.9198671301811
            ],
            [
              -43.21367865172553,
              -22.92010635468139
            ]
          ]
        ]
      },
      "properties": {
        "h3": "8aa8a0616737fff",
        "crime_count": 3,
        "crime_score": 0.1527,
        "factor_count": 0,
        "factor_score": 0.0,
        "signal_count": 3,
        "signal_score": 0.1034,
        "bingo_count": 0,
        "is_bingo": false,
        "bingo_score": 0.1022,
        "top_crime_type": "Roubo de aparelho celular",
        "factor_types": [],
        "factor_agencies": [],
        "justification": ""
      }
    },
    {
      "type": "Feature",
      "geometry": {
        "type": "Polygon",
        "coordinates": [
          [
            [
              -43.21757003806254,
              -22.91757427599883
            ],
            [
              -43.21697432877989,
              -22.91714555595547
            ],
            [
              -43.21710473175375,
              -22.91647758628883
            ],
            [
              -43.217830842534966,
              -22.91623833735734
            ],
            [
              -43.21842655118478,
              -22.916667058780384
            ],
            [
              -43.21829614968625,
              -22.91733502775522
            ],
            [
              -43.21757003806254,
              -22.91757427599883
            ]
          ]
        ]
      },
      "properties": {
        "h3": "8aa8a0616747fff",
        "crime_count": 18,
        "crime_score": 0.7786,
        "factor_count": 10,
        "factor_score": 0.9091,
        "signal_count": 25,
        "signal_score": 0.8621,
        "bingo_count": 3,
        "is_bingo": true,
        "bingo_score": 1.2481,
        "top_crime_type": "Roubo de aparelho celular",
        "factor_types": [
          "Comércio irregular obstruindo a visibilidade do passeio",
          "Estacionamento irregular forçando pedestres à pista",
          "Lixo/entulho forçando pedestres à pista",
          "Mobiliário/estrutura servindo de esconderijo",
          "Motocicletas trafegando no passeio",
          "Ponto de ônibus com histórico de vandalismo",
          "Sem ocorrência",
          "Tapumes servindo de esconderijo",
          "Vegetação encobrindo iluminação pública",
          "Vegetação obstruindo a visibilidade do passeio"
        ],
        "factor_agencies": [
          "Comlurb",
          "GM-Rio",
          "SEOP",
          "SMTR",
          "Seconserva"
        ],
        "justification": "BINGO 3/3: 18 ocorrências (predom. roubo de celular) + Comércio irregular obstruindo a visibilidade do passeio (+9) [Comlurb, GM-Rio, SEOP, SMTR, Seconserva] + 25 denúncias relacionadas"
      }
    },
    {
      "type": "Feature",
      "geometry": {
        "type": "Polygon",
        "coordinates": [
          [
            [
              -43.21842655118478,
              -22.916667058780384
            ],
            [
              -43.217830842534966,
              -22.91623833735734
            ],
            [
              -43.21796124434096,
              -22.91557036020403
            ],
            [
              -43.2186873533214,
              -22.915331105165716
            ],
            [
              -43.21928306133812,
              -22.915759827968458
            ],
            [
              -43.21915266100753,
              -22.91642780442979
            ],
            [
              -43.21842655118478,
              -22.916667058780384
            ]
          ]
        ]
      },
      "properties": {
        "h3": "8aa8a061674ffff",
        "crime_count": 24,
        "crime_score": 0.7863,
        "factor_count": 9,
        "factor_score": 0.8182,
        "signal_count": 5,
        "signal_score": 0.1724,
        "bingo_count": 2,
        "is_bingo": true,
        "bingo_score": 0.6408,
        "top_crime_type": "Roubo de aparelho celular",
        "factor_types": [
          "Comércio irregular obstruindo a visibilidade do passeio",
          "Estacionamento irregular forçando pedestres à pista",
          "Mobiliário/estrutura servindo de esconderijo",
          "Motocicletas trafegando no passeio",
          "Ponto de ônibus com histórico de vandalismo",
          "Sem ocorrência",
          "Tapumes servindo de esconderijo",
          "Vegetação encobrindo iluminação pública",
          "Vegetação obstruindo a visibilidade do passeio"
        ],
        "factor_agencies": [
          "Comlurb",
          "GM-Rio",
          "SEOP",
          "SMTR",
          "Seconserva"
        ],
        "justification": "BINGO 2/3: 24 ocorrências (predom. roubo de celular) + Comércio irregular obstruindo a visibilidade do passeio (+8) [Comlurb, GM-Rio, SEOP, SMTR, Seconserva]"
      }
    },
    {
      "type": "Feature",
      "geometry": {
        "type": "Polygon",
        "coordinates": [
          [
            [
              -43.216248216198224,
              -22.91738479877977
            ],
            [
              -43.2156525074332,
              -22.916956072625474
            ],
            [
              -43.21578291188224,
              -22.916288102267306
            ],
            [
              -43.21650902362115,
              -22.91604885875492
            ],
            [
              -43.21710473175375,
              -22.91647758628883
            ],
            [
              -43.21697432877989,
              -22.91714555595547
            ],
            [
              -43.216248216198224,
              -22.91738479877977
            ]
          ]
        ]
      },
      "properties": {
        "h3": "8aa8a0616757fff",
        "crime_count": 7,
        "crime_score": 0.5115,
        "factor_count": 7,
        "factor_score": 0.6364,
        "signal_count": 5,
        "signal_score": 0.1724,
        "bingo_count": 2,
        "is_bingo": true,
        "bingo_score": 0.458,
        "top_crime_type": "Roubo a transeunte",
        "factor_types": [
          "Calçada estreita forçando pedestres à pista",
          "Lixo/entulho forçando pedestres à pista",
          "Ponto de ônibus com histórico de vandalismo",
          "Sem ocorrência",
          "Tapumes servindo de esconderijo",
          "Vegetação encobrindo iluminação pública",
          "Vegetação obstruindo a visibilidade do passeio"
        ],
        "factor_agencies": [
          "Comlurb",
          "SMTR",
          "Seconserva"
        ],
        "justification": "BINGO 2/3: 7 ocorrências (predom. roubo a transeunte) + Calçada estreita forçando pedestres à pista (+6) [Comlurb, SMTR, Seconserva]"
      }
    },
    {
      "type": "Feature",
      "geometry": {
        "type": "Polygon",
        "coordinates": [
          [
            [
              -43.21710473175375,
              -22.91647758628883
            ],
            [
              -43.21650902362115,
              -22.91604885875492
            ],
            [
              -43.216639426902425,
              -22.915380880909918
            ],
            [
              -43.217365536841065,
              -22.915141631290485
            ],
            [
              -43.21796124434096,
              -22.91557036020403
            ],
            [
              -43.217830842534966,
              -22.91623833735734
            ],
            [
              -43.21710473175375,
              -22.91647758628883
            ]
          ]
        ]
      },
      "properties": {
        "h3": "8aa8a061675ffff",
        "crime_count": 13,
        "crime_score": 0.6565,
        "factor_count": 6,
        "factor_score": 0.5455,
        "signal_count": 5,
        "signal_score": 0.1724,
        "bingo_count": 2,
        "is_bingo": true,
        "bingo_score": 0.5077,
        "top_crime_type": "Roubo de aparelho celular",
        "factor_types": [
          "Lixo/entulho forçando pedestres à pista",
          "Ponto de ônibus com histórico de vandalismo",
          "Sem ocorrência",
          "Tapumes servindo de esconderijo",
          "Vegetação encobrindo iluminação pública",
          "Vegetação obstruindo a visibilidade do passeio"
        ],
        "factor_agencies": [
          "Comlurb",
          "SMTR",
          "Seconserva"
        ],
        "justification": "BINGO 2/3: 13 ocorrências (predom. roubo de celular) + Lixo/entulho forçando pedestres à pista (+5) [Comlurb, SMTR, Seconserva]"
      }
    },
    {
      "type": "Feature",
      "geometry": {
        "type": "Polygon",
        "coordinates": [
          [
            [
              -43.21803534582879,
              -22.91867095003922
            ],
            [
              -43.21743963539615,
              -22.918242237486773
            ],
            [
              -43.21757003806254,
              -22.91757427599883
            ],
            [
              -43.21829614968625,
              -22.91733502775522
            ],
            [
              -43.218891859485915,
              -22.917763741687413
            ],
            [
              -43.21876145829489,
              -22.91843170248346
            ],
            [
              -43.21803534582879,
              -22.91867095003922
            ]
          ]
        ]
      },
      "properties": {
        "h3": "8aa8a0616767fff",
        "crime_count": 6,
        "crime_score": 0.7176,
        "factor_count": 8,
        "factor_score": 0.7273,
        "signal_count": 25,
        "signal_score": 0.8621,
        "bingo_count": 3,
        "is_bingo": true,
        "bingo_score": 1.1342,
        "top_crime_type": "Roubo de aparelho celular",
        "factor_types": [
          "Comércio irregular obstruindo a visibilidade do passeio",
          "Estacionamento irregular forçando pedestres à pista",
          "Lixo/entulho forçando pedestres à pista",
          "Mobiliário/estrutura servindo de esconderijo",
          "Motocicletas trafegando no passeio",
          "Pessoas em situação de rua",
          "Ponto de ônibus com histórico de vandalismo",
          "Vegetação encobrindo iluminação pública"
        ],
        "factor_agencies": [
          "Comlurb",
          "GM-Rio",
          "SEOP",
          "SMAS",
          "SMTR",
          "Seconserva"
        ],
        "justification": "BINGO 3/3: 6 ocorrências (predom. roubo de celular) + Comércio irregular obstruindo a visibilidade do passeio (+7) [Comlurb, GM-Rio, SEOP, SMAS, SMTR, Seconserva] + 25 denúncias relacionadas"
      }
    },
    {
      "type": "Feature",
      "geometry": {
        "type": "Polygon",
        "coordinates": [
          [
            [
              -43.218891859485915,
              -22.917763741687413
            ],
            [
              -43.21829614968625,
              -22.91733502775522
            ],
            [
              -43.21842655118478,
              -22.916667058780384
            ],
            [
              -43.21915266100753,
              -22.91642780442979
            ],
            [
              -43.21974837017394,
              -22.916856519741756
            ],
            [
              -43.219617970150885,
              -22.917524488024522
            ],
            [
              -43.218891859485915,
              -22.917763741687413
            ]
          ]
        ]
      },
      "properties": {
        "h3": "8aa8a061676ffff",
        "crime_count": 9,
        "crime_score": 0.8168,
        "factor_count": 8,
        "factor_score": 0.7273,
        "signal_count": 29,
        "signal_score": 1.0,
        "bingo_count": 3,
        "is_bingo": true,
        "bingo_score": 1.2603,
        "top_crime_type": "Roubo de aparelho celular",
        "factor_types": [
          "Comércio irregular obstruindo a visibilidade do passeio",
          "Estacionamento irregular forçando pedestres à pista",
          "Lixo/entulho forçando pedestres à pista",
          "Mobiliário/estrutura servindo de esconderijo",
          "Motocicletas trafegando no passeio",
          "Ponto de ônibus com histórico de vandalismo",
          "Vegetação encobrindo iluminação pública",
          "Vãos ou cavidades usados como esconderijo"
        ],
        "factor_agencies": [
          "Comlurb",
          "GM-Rio",
          "SEOP",
          "SMTR",
          "Seconserva"
        ],
        "justification": "BINGO 3/3: 9 ocorrências (predom. roubo de celular) + Comércio irregular obstruindo a visibilidade do passeio (+7) [Comlurb, GM-Rio, SEOP, SMTR, Seconserva] + 29 denúncias relacionadas"
      }
    },
    {
      "type": "Feature",
      "geometry": {
        "type": "Polygon",
        "coordinates": [
          [
            [
              -43.216713521971805,
              -22.91848147962302
            ],
            [
              -43.216117812056574,
              -22.918052760959334
            ],
            [
              -43.216248216198224,
              -22.91738479877977
            ],
            [
              -43.21697432877989,
              -22.91714555595547
            ],
            [
              -43.21757003806254,
              -22.91757427599883
            ],
            [
              -43.21743963539615,
              -22.918242237486773
            ],
            [
              -43.216713521971805,
              -22.91848147962302
            ]
          ]
        ]
      },
      "properties": {
        "h3": "8aa8a0616777fff",
        "crime_count": 7,
        "crime_score": 0.5344,
        "factor_count": 5,
        "factor_score": 0.4545,
        "signal_count": 25,
        "signal_score": 0.8621,
        "bingo_count": 2,
        "is_bingo": true,
        "bingo_score": 0.5963,
        "top_crime_type": "Roubo de aparelho celular",
        "factor_types": [
          "Calçada estreita forçando pedestres à pista",
          "Lixo/entulho forçando pedestres à pista",
          "Pessoas em situação de rua",
          "Ponto de ônibus com histórico de vandalismo",
          "Vegetação encobrindo iluminação pública"
        ],
        "factor_agencies": [
          "Comlurb",
          "SMAS",
          "SMTR",
          "Seconserva"
        ],
        "justification": "BINGO 2/3: 7 ocorrências (predom. roubo de celular) + 25 denúncias relacionadas"
      }
    },
    {
      "type": "Feature",
      "geometry": {
        "type": "Polygon",
        "coordinates": [
          [
            [
              -43.211426222157414,
              -22.91772348265246
            ],
            [
              -43.21083051431819,
              -22.917294739546232
            ],
            [
              -43.210960924359426,
              -22.916626774602776
            ],
            [
              -43.211687040765234,
              -22.91638755345607
            ],
            [
              -43.21228274797353,
              -22.91681629794173
            ],
            [
              -43.212152339406984,
              -22.917484262194613
            ],
            [
              -43.211426222157414,
              -22.91772348265246
            ]
          ]
        ]
      },
      "properties": {
        "h3": "8aa8a0616787fff",
        "crime_count": 4,
        "crime_score": 0.2595,
        "factor_count": 0,
        "factor_score": 0.0,
        "signal_count": 9,
        "signal_score": 0.3103,
        "bingo_count": 1,
        "is_bingo": false,
        "bingo_score": 0.2073,
        "top_crime_type": "Roubo de aparelho celular",
        "factor_types": [],
        "factor_agencies": [],
        "justification": "sinal 1/3: 9 denúncias relacionadas"
      }
    },
    {
      "type": "Feature",
      "geometry": {
        "type": "Polygon",
        "coordinates": [
          [
            [
              -43.21228274797353,
              -22.91681629794173
            ],
            [
              -43.211687040765234,
              -22.91638755345607
            ],
            [
              -43.211817449639014,
              -22.91571958102487
            ],
            [
              -43.21254356424635,
              -22.915480353770043
            ],
            [
              -43.21313927082347,
              -22.915909099635126
            ],
            [
              -43.21300886342447,
              -22.916577071375578
            ],
            [
              -43.21228274797353,
              -22.91681629794173
            ]
          ]
        ]
      },
      "properties": {
        "h3": "8aa8a061678ffff",
        "crime_count": 11,
        "crime_score": 0.2595,
        "factor_count": 0,
        "factor_score": 0.0,
        "signal_count": 6,
        "signal_score": 0.2069,
        "bingo_count": 1,
        "is_bingo": false,
        "bingo_score": 0.1815,
        "top_crime_type": "Roubo a transeunte",
        "factor_types": [],
        "factor_agencies": [],
        "justification": "sinal 1/3: 6 denúncias relacionadas"
      }
    },
    {
      "type": "Feature",
      "geometry": {
        "type": "Polygon",
        "coordinates": [
          [
            [
              -43.21010439611423,
              -22.917533954584396
            ],
            [
              -43.209508688795594,
              -22.917105205368113
            ],
            [
              -43.209639100311385,
              -22.91643723973434
            ],
            [
              -43.2103652176713,
              -22.91619802400712
            ],
            [
              -43.210960924359426,
              -22.916626774602776
            ],
            [
              -43.21083051431819,
              -22.917294739546232
            ],
            [
              -43.21010439611423,
              -22.917533954584396
            ]
          ]
        ]
      },
      "properties": {
        "h3": "8aa8a0616797fff",
        "crime_count": 0,
        "crime_score": 0.0687,
        "factor_count": 0,
        "factor_score": 0.0,
        "signal_count": 4,
        "signal_score": 0.1379,
        "bingo_count": 0,
        "is_bingo": false,
        "bingo_score": 0.0688,
        "top_crime_type": "",
        "factor_types": [],
        "factor_agencies": [],
        "justification": ""
      }
    },
    {
      "type": "Feature",
      "geometry": {
        "type": "Polygon",
        "coordinates": [
          [
            [
              -43.210960924359426,
              -22.916626774602776
            ],
            [
              -43.2103652176713,
              -22.91619802400712
            ],
            [
              -43.21049562801973,
              -22.915530050885447
            ],
            [
              -43.21122174358167,
              -22.915290829049862
            ],
            [
              -43.211817449639014,
              -22.91571958102487
            ],
            [
              -43.211687040765234,
              -22.91638755345607
            ],
            [
              -43.210960924359426,
              -22.916626774602776
            ]
          ]
        ]
      },
      "properties": {
        "h3": "8aa8a061679ffff",
        "crime_count": 5,
        "crime_score": 0.2214,
        "factor_count": 0,
        "factor_score": 0.0,
        "signal_count": 12,
        "signal_score": 0.4138,
        "bingo_count": 1,
        "is_bingo": false,
        "bingo_score": 0.2142,
        "top_crime_type": "Roubo de aparelho celular",
        "factor_types": [],
        "factor_agencies": [],
        "justification": "sinal 1/3: 12 denúncias relacionadas"
      }
    },
    {
      "type": "Feature",
      "geometry": {
        "type": "Polygon",
        "coordinates": [
          [
            [
              -43.21189152141362,
              -22.918820175033844
            ],
            [
              -43.211295812423366,
              -22.918391439417395
            ],
            [
              -43.211426222157414,
              -22.91772348265246
            ],
            [
              -43.212152339406984,
              -22.917484262194613
            ],
            [
              -43.21274804776616,
              -22.917912999190555
            ],
            [
              -43.21261763950687,
              -22.918580955264805
            ],
            [
              -43.21189152141362,
              -22.918820175033844
            ]
          ]
        ]
      },
      "properties": {
        "h3": "8aa8a06167a7fff",
        "crime_count": 9,
        "crime_score": 0.2214,
        "factor_count": 0,
        "factor_score": 0.0,
        "signal_count": 7,
        "signal_score": 0.2414,
        "bingo_count": 1,
        "is_bingo": false,
        "bingo_score": 0.171,
        "top_crime_type": "Roubo a transeunte",
        "factor_types": [],
        "factor_agencies": [],
        "justification": "sinal 1/3: 7 denúncias relacionadas"
      }
    },
    {
      "type": "Feature",
      "geometry": {
        "type": "Polygon",
        "coordinates": [
          [
            [
              -43.21274804776616,
              -22.917912999190555
            ],
            [
              -43.212152339406984,
              -22.917484262194613
            ],
            [
              -43.21228274797353,
              -22.91681629794173
            ],
            [
              -43.21300886342447,
              -22.916577071375578
            ],
            [
              -43.21360457115231,
              -22.91700580975102
            ],
            [
              -43.213474164060585,
              -22.917673773313062
            ],
            [
              -43.21274804776616,
              -22.917912999190555
            ]
          ]
        ]
      },
      "properties": {
        "h3": "8aa8a06167affff",
        "crime_count": 1,
        "crime_score": 0.313,
        "factor_count": 0,
        "factor_score": 0.0,
        "signal_count": 6,
        "signal_score": 0.2069,
        "bingo_count": 1,
        "is_bingo": false,
        "bingo_score": 0.2082,
        "top_crime_type": "Roubo a transeunte",
        "factor_types": [],
        "factor_agencies": [],
        "justification": "sinal 1/3: 6 denúncias relacionadas"
      }
    },
    {
      "type": "Feature",
      "geometry": {
        "type": "Polygon",
        "coordinates": [
          [
            [
              -43.21056969337546,
              -22.918630653766527
            ],
            [
              -43.20997398490558,
              -22.91820191203973
            ],
            [
              -43.21010439611423,
              -22.917533954584396
            ],
            [
              -43.21083051431819,
              -22.917294739546232
            ],
            [
              -43.211426222157414,
              -22.91772348265246
            ],
            [
              -43.211295812423366,
              -22.918391439417395
            ],
            [
              -43.21056969337546,
              -22.918630653766527
            ]
          ]
        ]
      },
      "properties": {
        "h3": "8aa8a06167b7fff",
        "crime_count": 0,
        "crime_score": 0.0992,
        "factor_count": 0,
        "factor_score": 0.0,
        "signal_count": 4,
        "signal_score": 0.1379,
        "bingo_count": 0,
        "is_bingo": false,
        "bingo_score": 0.0841,
        "top_crime_type": "",
        "factor_types": [],
        "factor_agencies": [],
        "justification": ""
      }
    },
    {
      "type": "Feature",
      "geometry": {
        "type": "Polygon",
        "coordinates": [
          [
            [
              -43.226971068921195,
              -22.925101094146804
            ],
            [
              -43.2263753501677,
              -22.924672449621387
            ],
            [
              -43.22650574391695,
              -22.92400453249645
            ],
            [
              -43.227231854943405,
              -22.92376526059062
            ],
            [
              -43.22782757306111,
              -22.924193906496434
            ],
            [
              -43.227697180788205,
              -22.92486182292764
            ],
            [
              -43.226971068921195,
              -22.925101094146804
            ]
          ]
        ]
      },
      "properties": {
        "h3": "8aa8a0616a07fff",
        "crime_count": 3,
        "crime_score": 0.0763,
        "factor_count": 0,
        "factor_score": 0.0,
        "signal_count": 1,
        "signal_score": 0.0345,
        "bingo_count": 0,
        "is_bingo": false,
        "bingo_score": 0.0468,
        "top_crime_type": "Roubo a transeunte",
        "factor_types": [],
        "factor_agencies": [],
        "justification": ""
      }
    },
    {
      "type": "Feature",
      "geometry": {
        "type": "Polygon",
        "coordinates": [
          [
            [
              -43.22782757306111,
              -22.924193906496434
            ],
            [
              -43.227231854943405,
              -22.92376526059062
            ],
            [
              -43.227362247524184,
              -22.923097335978476
            ],
            [
              -43.22808835674629,
              -22.92285805796602
            ],
            [
              -43.22868407422796,
              -22.923286705252224
            ],
            [
              -43.2285536831236,
              -22.92395462917047
            ],
            [
              -43.22782757306111,
              -22.924193906496434
            ]
          ]
        ]
      },
      "properties": {
        "h3": "8aa8a0616a0ffff",
        "crime_count": 0,
        "crime_score": 0.0534,
        "factor_count": 0,
        "factor_score": 0.0,
        "signal_count": 4,
        "signal_score": 0.1379,
        "bingo_count": 0,
        "is_bingo": false,
        "bingo_score": 0.0612,
        "top_crime_type": "",
        "factor_types": [],
        "factor_agencies": [],
        "justification": ""
      }
    },
    {
      "type": "Feature",
      "geometry": {
        "type": "Polygon",
        "coordinates": [
          [
            [
              -43.225649237337215,
              -22.92491171542018
            ],
            [
              -43.225053519096846,
              -22.924483064780887
            ],
            [
              -43.22518391432231,
              -22.92381514696249
            ],
            [
              -43.22591002631196,
              -22.923575880476825
            ],
            [
              -43.22650574391695,
              -22.92400453249645
            ],
            [
              -43.2263753501677,
              -22.924672449621387
            ],
            [
              -43.225649237337215,
              -22.92491171542018
            ]
          ]
        ]
      },
      "properties": {
        "h3": "8aa8a0616a17fff",
        "crime_count": 0,
        "crime_score": 0.1145,
        "factor_count": 0,
        "factor_score": 0.0,
        "signal_count": 2,
        "signal_score": 0.069,
        "bingo_count": 0,
        "is_bingo": false,
        "bingo_score": 0.0745,
        "top_crime_type": "",
        "factor_types": [],
        "factor_agencies": [],
        "justification": ""
      }
    },
    {
      "type": "Feature",
      "geometry": {
        "type": "Polygon",
        "coordinates": [
          [
            [
              -43.22650574391695,
              -22.92400453249645
            ],
            [
              -43.22591002631196,
              -22.923575880476825
            ],
            [
              -43.22604042036902,
              -22.922907955171063
            ],
            [
              -43.22676653055483,
              -22.922668682578525
            ],
            [
              -43.227362247524184,
              -22.923097335978476
            ],
            [
              -43.227231854943405,
              -22.92376526059062
            ],
            [
              -43.22650574391695,
              -22.92400453249645
            ]
          ]
        ]
      },
      "properties": {
        "h3": "8aa8a0616a1ffff",
        "crime_count": 4,
        "crime_score": 0.1298,
        "factor_count": 0,
        "factor_score": 0.0,
        "signal_count": 5,
        "signal_score": 0.1724,
        "bingo_count": 0,
        "is_bingo": false,
        "bingo_score": 0.108,
        "top_crime_type": "Roubo a transeunte",
        "factor_types": [],
        "factor_agencies": [],
        "justification": ""
      }
    },
    {
      "type": "Feature",
      "geometry": {
        "type": "Polygon",
        "coordinates": [
          [
            [
              -43.223862084278586,
              -22.92362574989476
            ],
            [
              -43.22326636770094,
              -22.923197085648212
            ],
            [
              -43.22339676471015,
              -22.92252915895601
            ],
            [
              -43.22412287682105,
              -22.92228989720342
            ],
            [
              -43.22471859276388,
              -22.922718562830173
            ],
            [
              -43.224588197230666,
              -22.923386488829284
            ],
            [
              -43.223862084278586,
              -22.92362574989476
            ]
          ]
        ]
      },
      "properties": {
        "h3": "8aa8a0616a87fff",
        "crime_count": 4,
        "crime_score": 0.5191,
        "factor_count": 5,
        "factor_score": 0.4545,
        "signal_count": 13,
        "signal_score": 0.4483,
        "bingo_count": 2,
        "is_bingo": true,
        "bingo_score": 0.4852,
        "top_crime_type": "Roubo a transeunte",
        "factor_types": [
          "Calçada estreita forçando pedestres à pista",
          "Vegetação encobrindo iluminação pública",
          "Veículos de grande porte obstruindo a visibilidade",
          "Área mal iluminada com circulação de pedestres",
          "Área mal iluminada com parada de veículos"
        ],
        "factor_agencies": [
          "Comlurb",
          "RioLuz",
          "SEOP",
          "Seconserva"
        ],
        "justification": "BINGO 2/3: 4 ocorrências (predom. roubo a transeunte) + 13 denúncias relacionadas"
      }
    },
    {
      "type": "Feature",
      "geometry": {
        "type": "Polygon",
        "coordinates": [
          [
            [
              -43.22471859276388,
              -22.922718562830173
            ],
            [
              -43.22412287682105,
              -22.92228989720342
            ],
            [
              -43.224253272662,
              -22.921621963023902
            ],
            [
              -43.22497938296973,
              -22.92138269516438
            ],
            [
              -43.22557509827747,
              -22.921811362171344
            ],
            [
              -43.22544470391261,
              -22.922479295657585
            ],
            [
              -43.22471859276388,
              -22.922718562830173
            ]
          ]
        ]
      },
      "properties": {
        "h3": "8aa8a0616a8ffff",
        "crime_count": 6,
        "crime_score": 0.4504,
        "factor_count": 2,
        "factor_score": 0.1818,
        "signal_count": 16,
        "signal_score": 0.5517,
        "bingo_count": 2,
        "is_bingo": true,
        "bingo_score": 0.4086,
        "top_crime_type": "Roubo a transeunte",
        "factor_types": [
          "Vegetação encobrindo iluminação pública",
          "Área mal iluminada com circulação de pedestres"
        ],
        "factor_agencies": [
          "Comlurb",
          "RioLuz"
        ],
        "justification": "BINGO 2/3: 6 ocorrências (predom. roubo a transeunte) + 16 denúncias relacionadas"
      }
    },
    {
      "type": "Feature",
      "geometry": {
        "type": "Polygon",
        "coordinates": [
          [
            [
              -43.2225402537872,
              -22.92343634129346
            ],
            [
              -43.22194453772418,
              -22.92300767093379
            ],
            [
              -43.22207493620926,
              -22.922339743548758
            ],
            [
              -43.222801049281536,
              -22.922100487216195
            ],
            [
              -43.22339676471015,
              -22.92252915895601
            ],
            [
              -43.22326636770094,
              -22.923197085648212
            ],
            [
              -43.2225402537872,
              -22.92343634129346
            ]
          ]
        ]
      },
      "properties": {
        "h3": "8aa8a0616a97fff",
        "crime_count": 6,
        "crime_score": 0.5725,
        "factor_count": 6,
        "factor_score": 0.5455,
        "signal_count": 9,
        "signal_score": 0.3103,
        "bingo_count": 3,
        "is_bingo": true,
        "bingo_score": 0.7503,
        "top_crime_type": "Roubo a transeunte",
        "factor_types": [
          "Calçada estreita forçando pedestres à pista",
          "Comércio irregular obstruindo a visibilidade do passeio",
          "Vegetação encobrindo iluminação pública",
          "Veículos de grande porte obstruindo a visibilidade",
          "Área mal iluminada com circulação de pedestres",
          "Área mal iluminada com parada de veículos"
        ],
        "factor_agencies": [
          "Comlurb",
          "RioLuz",
          "SEOP",
          "Seconserva"
        ],
        "justification": "BINGO 3/3: 6 ocorrências (predom. roubo a transeunte) + Calçada estreita forçando pedestres à pista (+5) [Comlurb, RioLuz, SEOP, Seconserva] + 9 denúncias relacionadas"
      }
    },
    {
      "type": "Feature",
      "geometry": {
        "type": "Polygon",
        "coordinates": [
          [
            [
              -43.22339676471015,
              -22.92252915895601
            ],
            [
              -43.222801049281536,
              -22.922100487216195
            ],
            [
              -43.22293144659844,
              -22.9214325523437
            ],
            [
              -43.223657557868044,
              -22.921193289903975
            ],
            [
              -43.224253272662,
              -22.921621963023902
            ],
            [
              -43.22412287682105,
              -22.92228989720342
            ],
            [
              -43.22339676471015,
              -22.92252915895601
            ]
          ]
        ]
      },
      "properties": {
        "h3": "8aa8a0616a9ffff",
        "crime_count": 29,
        "crime_score": 0.7328,
        "factor_count": 6,
        "factor_score": 0.5455,
        "signal_count": 12,
        "signal_score": 0.4138,
        "bingo_count": 3,
        "is_bingo": true,
        "bingo_score": 0.9093,
        "top_crime_type": "Roubo a transeunte",
        "factor_types": [
          "Calçada estreita forçando pedestres à pista",
          "Pessoas em situação de rua",
          "Vegetação encobrindo iluminação pública",
          "Veículos de grande porte obstruindo a visibilidade",
          "Área mal iluminada com circulação de pedestres",
          "Área mal iluminada com parada de veículos"
        ],
        "factor_agencies": [
          "Comlurb",
          "RioLuz",
          "SEOP",
          "SMAS",
          "Seconserva"
        ],
        "justification": "BINGO 3/3: 29 ocorrências (predom. roubo a transeunte) + Calçada estreita forçando pedestres à pista (+5) [Comlurb, RioLuz, SEOP, SMAS, Seconserva] + 12 denúncias relacionadas"
      }
    },
    {
      "type": "Feature",
      "geometry": {
        "type": "Polygon",
        "coordinates": [
          [
            [
              -43.22432740530367,
              -22.92472232515929
            ],
            [
              -43.223731687577065,
              -22.924293668406346
            ],
            [
              -43.223862084278586,
              -22.92362574989476
            ],
            [
              -43.224588197230666,
              -22.923386488829284
            ],
            [
              -43.22518391432231,
              -22.92381514696249
            ],
            [
              -43.225053519096846,
              -22.924483064780887
            ],
            [
              -43.22432740530367,
              -22.92472232515929
            ]
          ]
        ]
      },
      "properties": {
        "h3": "8aa8a0616aa7fff",
        "crime_count": 7,
        "crime_score": 0.229,
        "factor_count": 0,
        "factor_score": 0.0,
        "signal_count": 2,
        "signal_score": 0.069,
        "bingo_count": 0,
        "is_bingo": false,
        "bingo_score": 0.1318,
        "top_crime_type": "Roubo de aparelho celular",
        "factor_types": [],
        "factor_agencies": [],
        "justification": ""
      }
    },
    {
      "type": "Feature",
      "geometry": {
        "type": "Polygon",
        "coordinates": [
          [
            [
              -43.22518391432231,
              -22.92381514696249
            ],
            [
              -43.224588197230666,
              -22.923386488829284
            ],
            [
              -43.22471859276388,
              -22.922718562830173
            ],
            [
              -43.22544470391261,
              -22.922479295657585
            ],
            [
              -43.22604042036902,
              -22.922907955171063
            ],
            [
              -43.22591002631196,
              -22.923575880476825
            ],
            [
              -43.22518391432231,
              -22.92381514696249
            ]
          ]
        ]
      },
      "properties": {
        "h3": "8aa8a0616aaffff",
        "crime_count": 1,
        "crime_score": 0.2137,
        "factor_count": 0,
        "factor_score": 0.0,
        "signal_count": 7,
        "signal_score": 0.2414,
        "bingo_count": 1,
        "is_bingo": false,
        "bingo_score": 0.1672,
        "top_crime_type": "Roubo de aparelho celular",
        "factor_types": [],
        "factor_agencies": [],
        "justification": "sinal 1/3: 7 denúncias relacionadas"
      }
    },
    {
      "type": "Feature",
      "geometry": {
        "type": "Polygon",
        "coordinates": [
          [
            [
              -43.22300557282196,
              -22.924532923364314
            ],
            [
              -43.22240985560977,
              -22.92410426049796
            ],
            [
              -43.2225402537872,
              -22.92343634129346
            ],
            [
              -43.22326636770094,
              -22.923197085648212
            ],
            [
              -43.223862084278586,
              -22.92362574989476
            ],
            [
              -43.223731687577065,
              -22.924293668406346
            ],
            [
              -43.22300557282196,
              -22.924532923364314
            ]
          ]
        ]
      },
      "properties": {
        "h3": "8aa8a0616ab7fff",
        "crime_count": 11,
        "crime_score": 0.3435,
        "factor_count": 5,
        "factor_score": 0.4545,
        "signal_count": 4,
        "signal_score": 0.1379,
        "bingo_count": 0,
        "is_bingo": false,
        "bingo_score": 0.3199,
        "top_crime_type": "Roubo a transeunte",
        "factor_types": [
          "Calçada estreita forçando pedestres à pista",
          "Comércio irregular obstruindo a visibilidade do passeio",
          "Veículos de grande porte obstruindo a visibilidade",
          "Área mal iluminada com circulação de pedestres",
          "Área mal iluminada com parada de veículos"
        ],
        "factor_agencies": [
          "RioLuz",
          "SEOP",
          "Seconserva"
        ],
        "justification": ""
      }
    },
    {
      "type": "Feature",
      "geometry": {
        "type": "Polygon",
        "coordinates": [
          [
            [
              -43.226896923443455,
              -22.92200074978579
            ],
            [
              -43.22630120762254,
              -22.92157208889206
            ],
            [
              -43.226431600819,
              -22.92090414791907
            ],
            [
              -43.22715770836009,
              -22.920664868533464
            ],
            [
              -43.227753423545245,
              -22.92109353080748
            ],
            [
              -43.227623031825104,
              -22.921761471086782
            ],
            [
              -43.226896923443455,
              -22.92200074978579
            ]
          ]
        ]
      },
      "properties": {
        "h3": "8aa8a0616ac7fff",
        "crime_count": 5,
        "crime_score": 0.1832,
        "factor_count": 0,
        "factor_score": 0.0,
        "signal_count": 8,
        "signal_score": 0.2759,
        "bingo_count": 1,
        "is_bingo": false,
        "bingo_score": 0.1606,
        "top_crime_type": "Roubo de aparelho celular",
        "factor_types": [],
        "factor_agencies": [],
        "justification": "sinal 1/3: 8 denúncias relacionadas"
      }
    },
    {
      "type": "Feature",
      "geometry": {
        "type": "Polygon",
        "coordinates": [
          [
            [
              -43.22557509827747,
              -22.921811362171344
            ],
            [
              -43.22497938296973,
              -22.92138269516438
            ],
            [
              -43.22510977764236,
              -22.92071475349796
            ],
            [
              -43.225835886146584,
              -22.920475479531902
            ],
            [
              -43.226431600819,
              -22.92090414791907
            ],
            [
              -43.22630120762254,
              -22.92157208889206
            ],
            [
              -43.22557509827747,
              -22.921811362171344
            ]
          ]
        ]
      },
      "properties": {
        "h3": "8aa8a0616ad7fff",
        "crime_count": 4,
        "crime_score": 0.3664,
        "factor_count": 0,
        "factor_score": 0.0,
        "signal_count": 12,
        "signal_score": 0.4138,
        "bingo_count": 1,
        "is_bingo": false,
        "bingo_score": 0.2866,
        "top_crime_type": "Roubo a transeunte",
        "factor_types": [],
        "factor_agencies": [],
        "justification": "sinal 1/3: 12 denúncias relacionadas"
      }
    },
    {
      "type": "Feature",
      "geometry": {
        "type": "Polygon",
        "coordinates": [
          [
            [
              -43.226431600819,
              -22.92090414791907
            ],
            [
              -43.225835886146584,
              -22.920475479531902
            ],
            [
              -43.22596627965086,
              -22.91980753037897
            ],
            [
              -43.226692386351296,
              -22.919568250306753
            ],
            [
              -43.227288100388094,
              -22.919996920074126
            ],
            [
              -43.22715770836009,
              -22.920664868533464
            ],
            [
              -43.226431600819,
              -22.92090414791907
            ]
          ]
        ]
      },
      "properties": {
        "h3": "8aa8a0616adffff",
        "crime_count": 5,
        "crime_score": 0.2595,
        "factor_count": 0,
        "factor_score": 0.0,
        "signal_count": 7,
        "signal_score": 0.2414,
        "bingo_count": 1,
        "is_bingo": false,
        "bingo_score": 0.1901,
        "top_crime_type": "Roubo de aparelho celular",
        "factor_types": [],
        "factor_agencies": [],
        "justification": "sinal 1/3: 7 denúncias relacionadas"
      }
    },
    {
      "type": "Feature",
      "geometry": {
        "type": "Polygon",
        "coordinates": [
          [
            [
              -43.227362247524184,
              -22.923097335978476
            ],
            [
              -43.22676653055483,
              -22.922668682578525
            ],
            [
              -43.226896923443455,
              -22.92200074978579
            ],
            [
              -43.227623031825104,
              -22.921761471086782
            ],
            [
              -43.228218748158554,
              -22.922190125867075
            ],
            [
              -43.22808835674629,
              -22.92285805796602
            ],
            [
              -43.227362247524184,
              -22.923097335978476
            ]
          ]
        ]
      },
      "properties": {
        "h3": "8aa8a0616ae7fff",
        "crime_count": 0,
        "crime_score": 0.1069,
        "factor_count": 0,
        "factor_score": 0.0,
        "signal_count": 5,
        "signal_score": 0.1724,
        "bingo_count": 0,
        "is_bingo": false,
        "bingo_score": 0.0966,
        "top_crime_type": "",
        "factor_types": [],
        "factor_agencies": [],
        "justification": ""
      }
    },
    {
      "type": "Feature",
      "geometry": {
        "type": "Polygon",
        "coordinates": [
          [
            [
              -43.22604042036902,
              -22.922907955171063
            ],
            [
              -43.22544470391261,
              -22.922479295657585
            ],
            [
              -43.22557509827747,
              -22.921811362171344
            ],
            [
              -43.22630120762254,
              -22.92157208889206
            ],
            [
              -43.226896923443455,
              -22.92200074978579
            ],
            [
              -43.22676653055483,
              -22.922668682578525
            ],
            [
              -43.22604042036902,
              -22.922907955171063
            ]
          ]
        ]
      },
      "properties": {
        "h3": "8aa8a0616af7fff",
        "crime_count": 5,
        "crime_score": 0.229,
        "factor_count": 0,
        "factor_score": 0.0,
        "signal_count": 13,
        "signal_score": 0.4483,
        "bingo_count": 1,
        "is_bingo": false,
        "bingo_score": 0.2266,
        "top_crime_type": "Roubo a transeunte",
        "factor_types": [],
        "factor_agencies": [],
        "justification": "sinal 1/3: 13 denúncias relacionadas"
      }
    }
  ]
}